id,loan_status
213846,0
608415,0
454264,0
1066768,0
882910,0
767054,0
457700,0
452099,0
860655,0
545987,0
391645,0
532662,0
669046,0
663451,0
614029,0
845927,0
573575,0
490344,0
869713,0
772651,0
543796,0
733749,0
418994,0
796137,0
857332,0
586236,0
783334,0
976073,0
364805,0
627952,0
530765,0
682634,0
365919,0
535482,0
217723,0
539608,0
878123,0
553784,0
980270,0
515881,0
583374,0
449306,0
501617,0
418208,0
814621,0
851986,0
867339,0
543087,0
776849,0
347295,0
610871,0
1047889,0
835246,0
515294,0
562611,0
822138,0
416369,0
400532,0
670699,0
1049945,0
591496,0
624153,0
887629,0
803783,0
622571,0
655023,0
741259,0
1019952,0
466516,0
863027,0
442500,0
572492,0
1014584,0
1052534,0
681895,0
1003356,0
593608,0
1060559,0
634668,0
994506,0
392041,0
785592,0
268476,0
568340,0
584842,0
1025947,0
533153,0
182089,0
538274,0
469256,0
999669,0
863165,0
435974,0
679644,0
1063519,0
436243,0
497384,0
732729,0
492104,0
775126,0
1029357,0
873946,0
549816,0
703525,0
479869,0
443735,0
505799,0
1057110,0
479104,0
891572,0
538134,0
547286,0
612382,0
1042857,0
614983,0
498007,0
965742,0
1038425,0
702684,0
807160,0
371011,0
646327,0
502328,0
357979,0
386779,0
887539,0
621717,0
763310,0
969198,0
649327,0
462306,0
472523,0
1046792,0
393791,0
672742,0
807799,0
1062851,0
1048307,0
629517,0
652593,0
1066140,0
657427,0
407536,0
1020120,0
868619,0
810011,0
715351,0
838277,0
587648,0
491502,0
866493,0
1052516,0
623490,0
646290,0
881983,0
531604,0
1053966,0
766973,0
710176,0
542738,0
1053251,0
618208,0
681511,0
972514,0
350713,0
777296,0
514354,0
417817,0
758964,0
877426,0
241502,0
782026,0
248304,0
769560,0
647810,0
992467,0
269571,0
558955,0
365674,0
709240,0
479473,0
542999,0
502970,0
510176,0
328105,0
972728,0
549214,0
522182,0
567058,0
864071,0
374480,0
493498,0
1051959,0
1069070,0
816287,0
516777,0
783983,0
620490,0
513468,0
598584,0
531001,0
458131,0
871956,0
1038861,0
1047080,0
804154,0
1022929,0
570336,0
547882,0
368155,0
787808,0
642814,0
1062260,0
628923,0
431785,0
674846,0
497950,0
417093,0
1048044,0
433322,0
558548,0
484353,0
506754,0
780781,0
647554,0
786800,0
675301,0
1001407,0
675642,0
987097,0
451928,0
375241,0
876597,0
1002861,0
845386,0
717243,0
594944,0
786552,0
524868,0
765850,0
603177,0
862494,0
462068,0
581961,0
791082,0
1032131,0
854949,0
1016140,0
642663,0
633860,0
710883,0
697523,0
540647,0
497780,0
760737,0
404491,0
870820,0
630945,0
562787,0
395566,0
523894,0
635715,0
1054301,0
1051410,0
491598,0
634741,0
755139,0
763863,0
768837,0
596830,0
1066081,0
604150,0
749089,0
406261,0
366311,0
460298,0
797336,0
367428,0
572578,0
778810,0
1025415,0
456653,0
375149,0
767902,0
573194,0
780361,0
669503,0
604926,0
878673,0
465694,0
1067179,0
57245,0
993754,0
431072,0
549328,0
738154,0
500338,0
597746,0
833334,0
606665,0
764236,0
724163,0
397110,0
692855,0
608460,0
346720,0
480970,0
884670,0
644697,0
1022961,0
631677,0
639770,0
947619,0
734732,0
512740,0
719491,0
352928,0
687361,0
968199,0
999353,0
223015,0
468810,0
773911,0
356798,0
665074,0
859068,0
602083,0
995614,0
763043,0
977582,0
687214,0
354050,0
1062401,0
593976,0
401439,0
777581,0
857062,0
451951,0
367593,0
470190,0
437982,0
849316,0
616392,0
348673,0
450816,0
604521,0
901278,0
784517,0
736155,0
310112,0
522684,0
359696,0
664678,0
870106,0
327927,0
827625,0
572226,0
873223,0
381861,0
832834,0
768611,0
760113,0
800886,0
802724,0
258652,0
837815,0
545364,0
1053004,0
1036237,0
1057776,0
406054,0
749324,0
625299,0
508804,0
786438,0
469070,0
815479,0
629245,0
531497,0
398197,0
1032033,0
514058,0
552450,0
510709,0
769628,0
395778,0
1058451,0
373560,0
1040508,0
1023946,0
838158,0
889094,0
706424,0
782041,0
533057,0
414714,0
604163,0
604291,0
641507,0
692328,0
697219,0
382259,0
1063564,0
477656,0
782463,0
358557,0
742468,0
259945,0
705728,0
768498,0
464114,0
790748,0
545642,0
802767,0
408290,0
817884,0
844358,0
693116,0
451779,0
714436,0
433311,0
710444,0
810669,0
508280,0
969086,0
805342,0
596747,0
351979,0
427135,0
686343,0
1062857,0
406463,0
463000,0
629887,0
489228,0
505111,0
988402,0
777239,0
277628,0
757985,0
1001116,0
761831,0
1023542,0
1002436,0
876406,0
566382,0
394768,0
433800,0
999441,0
666496,0
817797,0
479580,0
535421,0
801027,0
360506,0
418000,0
507214,0
708559,0
378776,0
873949,0
871175,0
431443,0
871420,0
1001157,0
709979,0
566738,0
556249,0
1025371,0
360501,0
733902,0
867974,0
519322,0
742238,0
842395,0
368104,0
364454,0
867690,0
798659,0
544661,0
684430,0
515647,0
392430,0
797229,0
768091,0
664886,0
784784,0
777710,0
523163,0
976241,0
988665,0
702490,0
429971,0
678700,0
557065,0
691493,0
1058015,0
746486,0
768963,0
782475,0
1006907,0
1008723,0
466024,0
865398,0
1036084,0
578689,0
459859,0
557997,0
457623,0
518199,0
736815,0
543926,0
626989,0
689552,0
499750,0
484321,0
940886,0
546460,0
641687,0
893950,0
715752,0
1055838,0
641349,0
626248,0
861304,0
481470,0
831085,0
571566,0
774454,0
967655,0
608554,0
377281,0
826376,0
440219,0
667702,0
468257,0
494539,0
728237,0
680710,0
260368,0
526743,0
503724,0
1064873,0
465295,0
1031720,0
376902,0
844517,0
587143,0
982124,0
572846,0
539483,0
519221,0
589601,0
526976,0
629288,0
742519,0
495530,0
790491,0
853571,0
850510,0
502409,0
348856,0
981423,0
795290,0
665200,0
849283,0
765802,0
570116,0
715125,0
1010895,0
1062536,0
372610,0
564704,0
651678,0
978582,0
1050591,0
878273,0
514446,0
581124,0
421134,0
978217,0
304780,0
733788,0
969040,0
495665,0
479268,0
662416,0
747540,0
163758,0
535352,0
709254,0
631226,0
441369,0
432105,0
971244,0
1045560,0
728590,0
1065997,0
689215,0
443972,0
1054150,0
716947,0
645396,0
584161,0
1057482,0
524970,0
599048,0
1064579,0
649440,0
549595,0
698937,0
475348,0
618580,0
783437,0
839750,0
458478,0
499606,0
533972,0
620918,0
762306,0
633217,0
389184,0
570329,0
1004005,0
1035436,0
600529,0
669586,0
609232,0
1035255,0
621987,0
452865,0
469107,0
629484,0
448752,0
411992,0
537736,0
977671,0
670280,0
885857,0
487618,0
531453,0
806772,0
612342,0
626701,0
472837,0
702018,0
891867,0
766090,0
1022038,0
484589,0
672705,0
819741,0
290199,0
685480,0
978431,0
574652,0
998505,0
649153,0
1036132,0
1041025,0
660405,0
864414,0
697612,0
545452,0
456774,0
556446,0
486012,0
839138,0
724923,0
644256,0
419128,0
518892,0
449731,0
562404,0
676637,0
306729,0
988332,0
727637,0
1040409,0
1040729,0
567541,0
640399,0
500081,0
452969,0
308742,0
595614,0
1010083,0
515915,0
361919,0
416753,0
385483,0
601568,0
657579,0
880187,0
853328,0
988637,0
495173,0
770293,0
434919,0
362498,0
766419,0
971389,0
527782,0
1017461,0
686062,0
795022,0
894363,0
773362,0
586487,0
688569,0
550787,0
969624,0
838370,0
412350,0
375981,0
378397,0
348587,0
662379,0
719527,0
497179,0
403896,0
744822,0
561884,0
765768,0
804554,0
713679,0
516306,0
96844,0
654518,0
1055426,0
1003398,0
586401,0
769025,0
389846,0
534548,0
813929,0
233852,0
1042765,0
1051124,0
634825,0
1046407,0
570296,0
638338,0
885293,0
985610,0
375535,0
541204,0
536798,0
616568,0
438597,0
978861,0
800653,0
439493,0
863587,0
857169,0
772361,0
759864,0
406211,0
380656,0
923728,0
623099,0
354798,0
487864,0
423648,0
459185,0
671552,0
523228,0
607931,0
516805,0
691788,0
685339,0
981976,0
362365,0
702097,0
487529,0
681752,0
971421,0
414608,0
625145,0
523337,0
729959,0
581150,0
491248,0
907139,0
364327,0
621672,0
718559,0
796735,0
732199,0
373715,0
863424,0
602193,0
560361,0
1066016,0
364362,0
1020621,0
1031828,0
1051442,0
502297,0
829287,0
853049,0
685713,0
969555,0
572425,0
451548,0
837233,0
601624,0
765961,0
1016330,0
658821,0
364693,0
802992,0
647813,0
789977,0
534655,0
642870,0
781504,0
969880,0
474191,0
466869,0
698041,0
823162,0
696580,0
827814,0
834975,0
485249,0
738003,0
424617,0
677831,0
732169,0
592598,0
850275,0
971991,0
674589,0
522498,0
477919,0
456807,0
754199,0
550733,0
843219,0
678910,0
439664,0
1032166,0
353191,0
553701,0
530370,0
1011985,0
990763,0
1013090,0
486172,0
364089,0
883608,0
546371,0
1065244,0
594164,0
211126,0
412731,0
709197,0
409892,0
583913,0
636986,0
863274,0
891543,0
744868,0
766616,0
809380,0
999338,0
461831,0
698107,0
450443,0
705362,0
513640,0
874453,0
661952,0
649984,0
715394,0
388591,0
360414,0
500205,0
561446,0
621579,0
479713,0
626541,0
455314,0
817401,0
1066112,0
504547,0
395717,0
882462,0
450193,0
552639,0
876693,0
403892,0
542263,0
1030280,0
447032,0
359903,0
607637,0
806487,0
871234,0
752812,0
695598,0
400749,0
514399,0
971762,0
356367,0
793482,0
237776,0
1019275,0
682422,0
846589,0
554533,0
466944,0
692149,0
796624,0
380509,0
627744,0
748108,0
845636,0
662462,0
797545,0
292850,0
969359,0
1036681,0
1051961,0
972089,0
891946,0
487133,0
237549,0
1055835,0
672088,0
1000480,0
599109,0
580454,0
977241,0
1075269,0
506982,0
774455,0
585885,0
428673,0
892252,0
1058111,0
349562,0
652819,0
888241,0
866671,0
867295,0
687618,0
652997,0
660394,0
640792,0
851178,0
530193,0
280871,0
434540,0
1010686,0
600157,0
733912,0
790093,0
1060015,0
544273,0
369240,0
881887,0
416736,0
758751,0
622584,0
845058,0
521974,0
1049128,0
816811,0
1057013,0
753703,0
544402,0
441457,0
584912,0
590232,0
692205,0
817293,0
793954,0
740798,0
716513,0
596804,0
712011,0
741413,0
698404,0
479245,0
795341,0
845128,0
443252,0
543951,0
551119,0
1045554,0
579387,0
637520,0
271792,0
627169,0
504001,0
572190,0
709269,0
703280,0
866812,0
620588,0
92533,0
588716,0
486271,0
660413,0
563240,0
1053384,0
626657,0
408948,0
996889,0
370791,0
725778,0
524737,0
535510,0
491743,0
809076,0
1003720,0
617480,0
707129,0
886870,0
417327,0
1035990,0
624649,0
433144,0
746314,0
665444,0
457857,0
805402,0
608877,0
546240,0
979114,0
746415,0
707479,0
153235,0
883270,0
770659,0
1010526,0
976725,0
1025555,0
708720,0
852643,0
787977,0
720043,0
463130,0
1006618,0
654045,0
1028169,0
579448,0
1047018,0
745552,0
581357,0
856118,0
664637,0
1032547,0
455074,0
435289,0
468463,0
1035025,0
1002746,0
1007209,0
319299,0
1040188,0
619452,0
967080,0
472809,0
1043187,0
643365,0
539354,0
479376,0
776547,0
990043,0
1053325,0
674982,0
765317,0
813659,0
674099,0
997567,0
629369,0
405274,0
588902,0
801741,0
796979,0
754600,0
715844,0
867616,0
971583,0
544923,0
725325,0
815446,0
809169,0
812777,0
644734,0
200805,0
520544,0
195655,0
433180,0
528329,0
288099,0
579952,0
554237,0
353636,0
549260,0
429324,0
500207,0
1063407,0
485374,0
1043264,0
889948,0
529488,0
469667,0
892112,0
808999,0
609802,0
747051,0
447064,0
513789,0
248130,0
1008762,0
732670,0
789706,0
760529,0
522055,0
533008,0
548441,0
479572,0
493529,0
795281,0
431602,0
773791,0
564720,0
1051586,0
487262,0
463376,0
539003,0
1037410,0
783836,0
714553,0
696335,0
871372,0
785081,0
386917,0
965919,0
864918,0
1063778,0
769618,0
602878,0
474251,0
724015,0
852888,0
1063003,0
542433,0
792312,0
831566,0
978823,0
990658,0
478219,0
735296,0
866150,0
619353,0
542873,0
622887,0
481854,0
1031861,0
854759,0
550498,0
490640,0
825688,0
590818,0
883868,0
381334,0
555064,0
583055,0
409378,0
573794,0
595284,0
434596,0
601438,0
706365,0
572690,0
461064,0
224614,0
784946,0
480536,0
277583,0
848316,0
420276,0
369118,0
691491,0
170488,0
804500,0
516194,0
451175,0
1049647,0
535721,0
686849,0
830095,0
842402,0
386310,0
397504,0
1066084,0
400775,0
633571,0
497783,0
599877,0
862589,0
825332,0
1002249,0
568979,0
537562,0
449589,0
461673,0
452605,0
693075,0
1058372,0
976344,0
415593,0
1020226,0
598788,0
875224,0
640263,0
536333,0
1061154,0
461356,0
738749,0
847629,0
765887,0
778175,0
795884,0
675733,0
706773,0
443859,0
473022,0
874963,0
514252,0
574191,0
1062895,0
438070,0
812931,0
430951,0
544065,0
843495,0
1030607,0
445989,0
798762,0
1048395,0
348246,0
848826,0
581004,0
490444,0
972681,0
1035487,0
804539,0
562869,0
404870,0
1038931,0
622380,0
967089,0
658355,0
720193,0
868458,0
536266,0
967850,0
441251,0
838948,0
984791,0
444618,0
793502,0
996937,0
829378,0
821109,0
468315,0
641015,0
525212,0
792220,0
918960,0
234451,0
1041438,0
605290,0
757203,0
303219,0
379811,0
489200,0
405050,0
632774,0
1044661,0
775213,0
630586,0
293977,0
832234,0
693814,0
1057343,0
478556,0
527291,0
1038230,0
650945,0
918617,0
674085,0
321024,0
1053176,0
736716,0
473745,0
831792,0
804330,0
824798,0
579662,0
711082,0
778004,0
627011,0
651455,0
759237,0
648274,0
738261,0
455098,0
590776,0
506086,0
519281,0
1025734,0
415485,0
615158,0
360252,0
449708,0
477190,0
856698,0
849912,0
744231,0
243078,0
778604,0
725651,0
881258,0
124436,0
885824,0
242333,0
1020863,0
837180,0
641341,0
462318,0
1010606,0
548604,0
663272,0
616042,0
451782,0
881680,0
643981,0
706794,0
505365,0
741105,0
485032,0
856761,0
634237,0
354098,0
891031,0
698719,0
995434,0
692772,0
460829,0
456267,0
661930,0
446277,0
624033,0
746538,0
850806,0
967373,0
463800,0
661137,0
605743,0
582666,0
483645,0
1060082,0
646629,0
780491,0
616045,0
881531,0
870435,0
986905,0
556413,0
434368,0
774964,0
1006616,0
1011733,0
684740,0
1009098,0
709661,0
545602,0
595312,0
970862,0
1057099,0
765368,0
430027,0
861768,0
438637,0
747991,0
1009392,0
623448,0
480707,0
584508,0
812086,0
802348,0
582241,0
891636,0
1007959,0
493496,0
661180,0
524725,0
855069,0
1005763,0
884736,0
415465,0
889800,0
701694,0
625388,0
722671,0
687877,0
376549,0
655063,0
1058078,0
826120,0
451458,0
875449,0
456788,0
1047216,0
669239,0
1034816,0
265097,0
579604,0
874928,0
576002,0
465434,0
503502,0
990045,0
696641,0
581317,0
1060934,0
968700,0
546664,0
624053,0
1058110,0
535155,0
492867,0
737481,0
1061814,0
548461,0
727518,0
683594,0
1041805,0
312750,0
1057749,0
433031,0
688513,0
994525,0
784902,0
485412,0
376969,0
364646,0
552110,0
693933,0
578253,0
400406,0
730566,0
678498,0
872798,0
738877,0
616327,0
1050886,0
713646,0
971928,0
1035162,0
672108,0
990791,0
495349,0
441182,0
561614,0
510350,0
136316,0
614157,0
676123,0
439288,0
850253,0
813388,0
612473,0
556114,0
707340,0
601934,0
978434,0
997828,0
815397,0
761596,0
857942,0
891712,0
489025,0
864592,0
175582,0
1053390,0
553867,0
1062192,0
565836,0
621124,0
621974,0
498979,0
501793,0
798504,0
604095,0
724995,0
562681,0
543579,0
879707,0
1038041,0
506658,0
999983,0
759397,0
445931,0
512178,0
842798,0
1024798,0
517174,0
557852,0
504214,0
762080,0
749004,0
739010,0
599876,0
372510,0
678342,0
836737,0
879158,0
1034765,0
522184,0
805887,0
518303,0
380184,0
971309,0
555263,0
499949,0
668278,0
364931,0
889066,0
690197,0
647643,0
1067794,0
761600,0
553788,0
704853,0
541472,0
769818,0
1034265,0
572633,0
373376,0
776564,0
770357,0
892696,0
885009,0
280337,0
536732,0
364532,0
985882,0
1052376,0
588097,0
490396,0
596843,0
543009,0
551897,0
522056,0
813680,0
602918,0
999502,0
461060,0
608259,0
533628,0
821809,0
534732,0
822985,0
645336,0
1046227,0
400872,0
629071,0
654915,0
751952,0
732563,0
615430,0
586372,0
996597,0
659409,0
1061250,0
577857,0
673722,0
987695,0
829932,0
875517,0
820865,0
579585,0
513646,0
481621,0
465005,0
642563,0
604825,0
692150,0
495960,0
670462,0
989459,0
462715,0
581143,0
572730,0
1012385,0
641153,0
853971,0
1007014,0
879702,0
516256,0
675607,0
959310,0
879398,0
1045616,0
372817,0
535627,0
491677,0
735469,0
390865,0
726527,0
801873,0
866174,0
840561,0
487448,0
1068997,0
734300,0
686910,0
694981,0
1035647,0
468045,0
1053061,0
822567,0
833183,0
638944,0
769202,0
990249,0
846633,0
707368,0
485715,0
664561,0
572082,0
789683,0
437558,0
785995,0
710910,0
491166,0
539928,0
524316,0
884653,0
832221,0
1017196,0
503922,0
758440,0
736294,0
784317,0
554024,0
347858,0
978282,0
643255,0
772788,0
642863,0
570215,0
506856,0
518178,0
635797,0
707570,0
1059974,0
793904,0
974938,0
588642,0
488263,0
491180,0
397394,0
571063,0
856680,0
870020,0
359544,0
559853,0
1058031,0
624690,0
356308,0
733384,0
384068,0
680216,0
764106,0
1015685,0
781952,0
609451,0
796262,0
492654,0
1020311,0
580432,0
1057996,0
512484,0
731149,0
865483,0
1055350,0
1069126,0
570462,0
740648,0
787086,0
709625,0
636801,0
401026,0
892412,0
480608,0
711552,0
783561,0
586611,0
666599,0
628250,0
545640,0
351914,0
565928,0
1000594,0
472555,0
866635,0
675756,0
588584,0
492370,0
730130,0
800353,0
866506,0
643213,0
533035,0
601154,0
492226,0
886254,0
780490,0
449679,0
398711,0
582934,0
865338,0
830119,0
480240,0
827042,0
506684,0
882593,0
519760,0
396914,0
429344,0
473578,0
834983,0
602494,0
563567,0
538050,0
1011404,0
458189,0
589107,0
722825,0
803393,0
1012923,0
658517,0
379597,0
804980,0
713964,0
357872,0
816346,0
834470,0
425556,0
1021515,0
650298,0
538443,0
868236,0
847900,0
201909,0
451283,0
547137,0
1039669,0
509719,0
613631,0
793549,0
650601,0
558500,0
820067,0
511215,0
439575,0
777854,0
676382,0
677983,0
243243,0
697390,0
652636,0
1049053,0
652022,0
592672,0
793395,0
642840,0
638505,0
519079,0
724957,0
559976,0
1015326,0
486669,0
373699,0
498907,0
521586,0
1066364,0
463764,0
509910,0
792705,0
378735,0
683592,0
889750,0
502121,0
972703,0
474309,0
630379,0
573944,0
1030778,0
369673,0
1045045,0
361781,0
822881,0
773002,0
490965,0
607708,0
457535,0
840514,0
695951,0
392932,0
788458,0
506635,0
1009315,0
1018943,0
350904,0
750671,0
496570,0
1049180,0
642483,0
968392,0
459562,0
501170,0
746876,0
696390,0
670475,0
512512,0
971694,0
472332,0
1011693,0
535351,0
361794,0
666295,0
839065,0
1050977,0
1069057,0
892074,0
844824,0
538561,0
749033,0
644191,0
476858,0
871613,0
648124,0
597900,0
846309,0
603180,0
850365,0
541423,0
585256,0
868580,0
542613,0
707517,0
492134,0
522726,0
756420,0
1068558,0
724236,0
1044300,0
602984,0
476800,0
648818,0
499908,0
1035385,0
704763,0
997612,0
434545,0
547950,0
498019,0
984107,0
1037805,0
443918,0
995801,0
721033,0
606212,0
746762,0
1038012,0
502289,0
587538,0
572030,0
638476,0
654859,0
792666,0
856163,0
670563,0
672089,0
785748,0
471366,0
1002790,0
564560,0
1024918,0
880906,0
571653,0
603763,0
401371,0
812368,0
1009418,0
1020579,0
1037640,0
610052,0
878776,0
504845,0
1064102,0
673377,0
967843,0
741771,0
606796,0
814188,0
824259,0
676438,0
737632,0
745255,0
529290,0
854379,0
473447,0
662846,0
792042,0
629606,0
771322,0
838433,0
385081,0
532058,0
1051194,0
768277,0
1044266,0
676756,0
643558,0
559560,0
710821,0
385786,0
521396,0
1048279,0
1064006,0
766961,0
868443,0
546398,0
640485,0
1016513,0
707450,0
831828,0
542454,0
439604,0
562554,0
650616,0
492944,0
766354,0
856360,0
582903,0
938343,0
427621,0
887062,0
415654,0
1021983,0
657546,0
698092,0
449768,0
558844,0
813028,0
856877,0
623809,0
752994,0
499526,0
577314,0
658322,0
868280,0
825885,0
1058959,0
1067919,0
850958,0
459316,0
522655,0
691605,0
711973,0
998222,0
1035295,0
565566,0
598958,0
521780,0
1016732,0
798976,0
879175,0
535333,0
414971,0
751237,0
736375,0
561309,0
1056093,0
481500,0
713782,0
644396,0
492140,0
493576,0
743965,0
712914,0
887151,0
604902,0
721983,0
534792,0
585684,0
766045,0
383956,0
833772,0
1041622,0
650922,0
639862,0
461780,0
831172,0
847649,0
676667,0
838412,0
627962,0
381084,0
496213,0
885388,0
879867,0
1041756,0
1057024,0
500812,0
632248,0
845103,0
544295,0
467013,0
651601,0
727755,0
524682,0
1027858,0
752397,0
198285,0
585419,0
720358,0
518195,0
66431,0
585462,0
391591,0
588594,0
486435,0
197225,0
1016427,0
774533,0
1014100,0
406126,0
723934,0
643116,0
672327,0
745628,0
431418,0
129745,0
406251,0
521546,0
809611,0
739407,0
736351,0
475900,0
128635,0
821986,0
477562,0
770949,0
889543,0
611149,0
451515,0
801657,0
218282,0
746107,0
712871,0
575905,0
892780,0
784270,0
442368,0
591234,0
435798,0
563116,0
550681,0
590275,0
968672,0
965687,0
674426,0
569002,0
581439,0
505437,0
505052,0
1061496,0
1065199,0
389074,0
642838,0
806960,0
544040,0
872959,0
876991,0
856571,0
801545,0
461219,0
636587,0
730424,0
376420,0
796956,0
703555,0
607485,0
521669,0
624760,0
1052155,0
524428,0
495445,0
351053,0
1056585,0
302749,0
688793,0
520827,0
1049026,0
668304,0
728418,0
1037793,0
631407,0
799205,0
497400,0
495957,0
970092,0
434585,0
530774,0
1059118,0
438873,0
711367,0
892020,0
796929,0
1046854,0
891221,0
435953,0
442923,0
573841,0
385834,0
1028056,0
475852,0
561280,0
781160,0
994601,0
592227,0
853495,0
1031634,0
532791,0
589786,0
1058519,0
844261,0
655752,0
1040942,0
542882,0
617683,0
1045054,0
632896,0
386288,0
495420,0
759589,0
807679,0
742129,0
1049553,0
795568,0
431672,0
822029,0
480245,0
520223,0
888622,0
672501,0
763491,0
506206,0
748129,0
848406,0
839162,0
784594,0
507498,0
589015,0
585651,0
461593,0
389001,0
433213,0
1062734,0
886830,0
439119,0
816167,0
786033,0
565432,0
554057,0
676630,0
770155,0
440500,0
639370,0
534278,0
573291,0
777143,0
738661,0
771896,0
503757,0
391887,0
1006067,0
1012570,0
650023,0
814086,0
532518,0
803159,0
601726,0
486980,0
818199,0
363809,0
999172,0
550886,0
522743,0
495881,0
668165,0
242839,0
356340,0
838220,0
726272,0
763616,0
969878,0
482505,0
465367,0
781775,0
842708,0
599423,0
978627,0
476832,0
727113,0
623241,0
648017,0
966246,0
745149,0
674719,0
567008,0
841238,0
560858,0
472986,0
429572,0
1002033,0
806221,0
454757,0
993433,0
473872,0
709250,0
734039,0
275790,0
733268,0
66943,0
440134,0
613297,0
492142,0
870271,0
535472,0
836646,0
973030,0
523438,0
504483,0
507634,0
647944,0
668218,0
1064209,0
536780,0
596564,0
450565,0
877615,0
456373,0
670118,0
807170,0
464167,0
453667,0
543406,0
1010287,0
574479,0
350186,0
367108,0
586967,0
613238,0
769189,0
513162,0
514850,0
1024471,0
475307,0
476412,0
1059174,0
547672,0
373770,0
464236,0
507195,0
361090,0
883331,0
744342,0
767075,0
366248,0
893164,0
843143,0
789616,0
686797,0
606512,0
352484,0
950920,0
429357,0
523926,0
713267,0
861889,0
717937,0
571729,0
590617,0
636698,0
648686,0
476854,0
510735,0
739376,0
737329,0
496695,0
710759,0
521363,0
1005579,0
510664,0
490987,0
1010170,0
850753,0
836932,0
643336,0
569097,0
439132,0
429696,0
1021469,0
997339,0
1038889,0
973462,0
854572,0
622632,0
885909,0
457922,0
451546,0
725232,0
357867,0
384139,0
524649,0
1033249,0
724550,0
990469,0
981683,0
713889,0
1056866,0
1058942,0
521709,0
606632,0
671516,0
605742,0
666530,0
778478,0
577242,0
468796,0
745215,0
427267,0
390765,0
675289,0
483207,0
784952,0
972383,0
469762,0
994660,0
884477,0
1053319,0
796082,0
966192,0
1025186,0
433717,0
501668,0
291934,0
774207,0
611663,0
532553,0
466745,0
567109,0
508957,0
371182,0
683089,0
865049,0
712286,0
874554,0
347932,0
847785,0
853314,0
348684,0
616585,0
737546,0
816334,0
730186,0
972409,0
731637,0
551973,0
669400,0
692840,0
254979,0
759102,0
553306,0
457372,0
867417,0
805134,0
890625,0
455682,0
495683,0
853886,0
137271,0
535511,0
621518,0
667351,0
496055,0
1042657,0
407571,0
500142,0
1055392,0
594569,0
719484,0
784806,0
485833,0
531759,0
460545,0
478320,0
718964,0
592557,0
846044,0
987365,0
719043,0
529361,0
769217,0
414670,0
491087,0
387827,0
430139,0
271192,0
773533,0
511131,0
867425,0
705659,0
285386,0
467930,0
529228,0
740076,0
722593,0
496712,0
558529,0
395633,0
966311,0
1036818,0
536278,0
552933,0
812619,0
741759,0
463049,0
1060485,0
607664,0
999672,0
1056601,0
519580,0
807743,0
636225,0
662361,0
793388,0
778510,0
425494,0
746482,0
640013,0
107136,0
1041173,0
715990,0
859412,0
399085,0
113194,0
324177,0
601580,0
368765,0
464514,0
1016765,0
1010143,0
688792,0
401657,0
1064527,0
542847,0
1012332,0
460277,0
1050706,0
532637,0
728956,0
675621,0
605836,0
607693,0
668553,0
509516,0
420490,0
788538,0
419142,0
996439,0
519377,0
400034,0
794787,0
581973,0
868573,0
735877,0
796993,0
770849,0
1005932,0
596450,0
1049632,0
778714,0
1066798,0
644019,0
1011812,0
417418,0
400049,0
593225,0
415315,0
435815,0
944592,0
725305,0
607525,0
796759,0
779365,0
785699,0
490753,0
819582,0
594908,0
376490,0
658834,0
448344,0
549843,0
568504,0
740735,0
600073,0
794846,0
1026933,0
628665,0
669378,0
860681,0
806399,0
707716,0
887942,0
609502,0
1030918,0
996417,0
793039,0
442354,0
303940,0
508994,0
667864,0
426673,0
540844,0
873299,0
834397,0
736687,0
647897,0
826963,0
417683,0
439124,0
555319,0
539837,0
992292,0
670488,0
566852,0
594290,0
646020,0
758993,0
1050920,0
578629,0
629654,0
544973,0
645050,0
359716,0
660294,0
805142,0
1021976,0
494439,0
646690,0
589767,0
1020243,0
846035,0
801249,0
667624,0
706337,0
721530,0
393653,0
833628,0
345567,0
584517,0
1050143,0
988119,0
499886,0
612803,0
836973,0
708046,0
164741,0
742657,0
425763,0
711764,0
822685,0
966409,0
838087,0
740727,0
770159,0
834707,0
594521,0
617398,0
914211,0
352747,0
872031,0
744700,0
559180,0
578137,0
575763,0
597058,0
385004,0
488644,0
838677,0
643393,0
538682,0
880531,0
426237,0
559241,0
604070,0
708328,0
890816,0
719545,0
366004,0
707103,0
651918,0
627707,0
890406,0
451933,0
810737,0
966036,0
521401,0
626936,0
484580,0
426198,0
435921,0
688845,0
433053,0
560847,0
724189,0
695383,0
638799,0
727449,0
979932,0
550075,0
966932,0
752869,0
517250,0
541831,0
847946,0
747207,0
752939,0
600210,0
1064754,0
749902,0
544737,0
788049,0
894104,0
765044,0
266282,0
663270,0
645685,0
1001185,0
619989,0
879246,0
651079,0
395180,0
1012055,0
884607,0
987937,0
976022,0
790674,0
493571,0
379049,0
1044994,0
751373,0
495435,0
1050697,0
975133,0
621936,0
1058744,0
457444,0
558723,0
1026253,0
550954,0
770669,0
589570,0
840721,0
658186,0
564423,0
722464,0
638221,0
536831,0
404310,0
859205,0
453583,0
538520,0
1065304,0
770892,0
732933,0
761798,0
738208,0
435987,0
644479,0
451497,0
430755,0
1036041,0
792286,0
777816,0
350310,0
890942,0
653370,0
363578,0
450001,0
1059889,0
763767,0
761951,0
798218,0
499492,0
552443,0
443878,0
880459,0
577772,0
670357,0
625366,0
439879,0
809008,0
401137,0
825264,0
523499,0
665748,0
350240,0
651337,0
855020,0
717675,0
600099,0
887816,0
356473,0
1045232,0
785745,0
721659,0
976345,0
269289,0
866411,0
435385,0
603048,0
697044,0
503286,0
522576,0
730728,0
784255,0
362107,0
998868,0
845857,0
802095,0
798931,0
840734,0
602348,0
724386,0
502017,0
725888,0
769357,0
740591,0
505466,0
833103,0
771415,0
500302,0
881462,0
431299,0
1057818,0
823806,0
845387,0
842558,0
452584,0
841734,0
651014,0
721745,0
387587,0
466956,0
601103,0
487781,0
701561,0
1043408,0
465792,0
740909,0
469717,0
1014247,0
613397,0
1048423,0
715504,0
735780,0
385442,0
739372,0
432863,0
538742,0
992430,0
882167,0
459076,0
620176,0
500343,0
1000321,0
579903,0
1035655,0
747663,0
405994,0
743343,0
514258,0
589923,0
715004,0
986209,0
651711,0
1010187,0
664718,0
462689,0
545872,0
769930,0
687939,0
978498,0
837638,0
638758,0
523313,0
316837,0
448400,0
482512,0
464707,0
876428,0
723772,0
1005771,0
652080,0
414231,0
444498,0
779448,0
735134,0
708487,0
803884,0
501266,0
717746,0
696646,0
386120,0
1031468,0
815431,0
890879,0
647471,0
671193,0
121530,0
469850,0
650245,0
614206,0
710757,0
855548,0
404575,0
628699,0
501477,0
973108,0
892734,0
552400,0
706255,0
498097,0
1009798,0
1054683,0
807020,0
725791,0
725212,0
578300,0
871859,0
522602,0
1058486,0
538889,0
1021379,0
352590,0
1044298,0
550796,0
369291,0
465234,0
753914,0
558147,0
524447,0
794335,0
525470,0
397142,0
822134,0
777688,0
351104,0
530124,0
585341,0
492459,0
820561,0
865446,0
486869,0
613444,0
741781,0
414110,0
646491,0
1020855,0
589755,0
287875,0
1047020,0
883605,0
500122,0
454786,0
853159,0
1065298,0
451579,0
711333,0
670830,0
887247,0
1033824,0
1030264,0
489533,0
415801,0
539734,0
851594,0
993768,0
1007070,0
536184,0
803991,0
738106,0
1052327,0
886716,0
662576,0
1069410,0
599461,0
905821,0
508739,0
471847,0
561123,0
1048911,0
496248,0
428069,0
1065355,0
241659,0
790556,0
500656,0
803516,0
657075,0
516026,0
486892,0
801794,0
651689,0
1056155,0
692011,0
506849,0
392323,0
854610,0
879569,0
451484,0
635885,0
1006918,0
1001382,0
767819,0
751239,0
817315,0
575895,0
461287,0
329925,0
154141,0
469880,0
1005156,0
986804,0
514673,0
823854,0
875338,0
658883,0
636405,0
997843,0
768638,0
572301,0
1019978,0
801014,0
1033330,0
520605,0
716635,0
529297,0
772157,0
971512,0
582097,0
824566,0
1018065,0
426527,0
1048647,0
1048666,0
674647,0
987161,0
587548,0
883664,0
572126,0
768524,0
577208,0
449296,0
594257,0
518791,0
634283,0
610287,0
583818,0
519169,0
781298,0
1056115,0
862943,0
618627,0
1066641,0
630279,0
438452,0
1019290,0
865995,0
880992,0
480337,0
232488,0
704400,0
845531,0
807350,0
970237,0
585232,0
872797,0
610846,0
609236,0
811750,0
1049157,0
488740,0
618247,0
845819,0
566234,0
449172,0
436027,0
499449,0
836003,0
1016347,0
833224,0
985508,0
985965,0
983930,0
437948,0
516327,0
652195,0
1048151,0
485240,0
610245,0
492402,0
626145,0
349607,0
682316,0
778713,0
862325,0
629724,0
1016680,0
844120,0
430012,0
461206,0
621468,0
553136,0
1025259,0
824910,0
498915,0
685653,0
737866,0
742658,0
831506,0
581115,0
444428,0
247062,0
882246,0
732953,0
131618,0
381739,0
650553,0
559055,0
493224,0
1012847,0
892290,0
807323,0
1047711,0
1060578,0
593053,0
584523,0
1002291,0
979926,0
651923,0
574856,0
554008,0
1037375,0
559045,0
503727,0
716783,0
464469,0
500101,0
796685,0
763325,0
1060979,0
879841,0
637120,0
601579,0
783166,0
887079,0
506209,0
454566,0
874530,0
785813,0
991708,0
600502,0
498871,0
554247,0
1034550,0
832038,0
760049,0
787128,0
724403,0
666424,0
850107,0
539292,0
555950,0
1006581,0
1064082,0
849741,0
708621,0
833889,0
1022409,0
500297,0
570571,0
522890,0
777791,0
499812,0
972130,0
556232,0
373384,0
499301,0
856974,0
867738,0
571386,0
991766,0
821305,0
597266,0
997139,0
483946,0
775502,0
1047885,0
833946,0
279283,0
884366,0
1055265,0
776809,0
196910,0
882001,0
537678,0
585215,0
646994,0
785694,0
481073,0
695068,0
614522,0
429812,0
601922,0
679610,0
1017279,0
521558,0
401434,0
603211,0
965356,0
765763,0
482902,0
454324,0
551664,0
876622,0
977792,0
673721,0
520811,0
512406,0
892868,0
588842,0
976729,0
643636,0
619682,0
655646,0
1039551,0
603309,0
840682,0
813415,0
441857,0
393617,0
380920,0
542631,0
873468,0
392435,0
852421,0
662126,0
526180,0
381284,0
872526,0
801335,0
674399,0
348609,0
642764,0
681501,0
1046355,0
646636,0
996595,0
836592,0
586671,0
438765,0
551088,0
651356,0
641899,0
1049226,0
780796,0
986657,0
601424,0
766191,0
771558,0
862862,0
593189,0
771560,0
522022,0
656292,0
368954,0
763665,0
661548,0
516221,0
859555,0
563957,0
560773,0
453780,0
687902,0
387942,0
770031,0
778610,0
950998,0
798106,0
755916,0
801400,0
1027930,0
608120,0
674014,0
624266,0
791217,0
830782,0
1069071,0
594919,0
709399,0
619509,0
523077,0
782787,0
386737,0
524823,0
580956,0
705340,0
628690,0
774171,0
749087,0
451628,0
1049271,0
662747,0
489679,0
974043,0
495885,0
522006,0
553760,0
1066424,0
434197,0
1039609,0
561189,0
689052,0
779279,0
732936,0
978436,0
638407,0
978745,0
762895,0
630396,0
490662,0
779667,0
833595,0
509600,0
476054,0
508927,0
718201,0
504692,0
267516,0
577307,0
716333,0
471517,0
662157,0
830748,0
670047,0
615302,0
687022,0
792650,0
421980,0
422571,0
751984,0
751248,0
763027,0
488665,0
469258,0
395115,0
757135,0
473841,0
552905,0
757451,0
850619,0
867178,0
400238,0
434558,0
606833,0
539764,0
737185,0
557326,0
1035812,0
991976,0
1041157,0
967050,0
739799,0
530659,0
789502,0
529739,0
765209,0
961751,0
816321,0
776098,0
447196,0
808800,0
1006291,0
153022,0
988224,0
595951,0
1014847,0
724790,0
974952,0
607432,0
761921,0
597450,0
776238,0
709720,0
792555,0
663164,0
452961,0
1045043,0
1019281,0
1043511,0
414995,0
607142,0
974073,0
833266,0
541979,0
696758,0
390021,0
438984,0
612693,0
726037,0
539769,0
1032244,0
756653,0
603087,0
1003349,0
1061767,0
757621,0
1016350,0
456093,0
535515,0
1035963,0
990728,0
678561,0
680822,0
673632,0
656074,0
373603,0
113179,0
1050329,0
348176,0
466653,0
373954,0
520893,0
1014729,0
492377,0
536585,0
880565,0
1035219,0
764297,0
489173,0
661361,0
545231,0
737767,0
492483,0
543136,0
717598,0
508586,0
584238,0
1060995,0
514730,0
386126,0
775118,0
364420,0
445883,0
419827,0
637972,0
647374,0
442405,0
558418,0
876843,0
927879,0
507217,0
1018997,0
502217,0
621063,0
855838,0
570582,0
816247,0
1067026,0
890897,0
421971,0
1002413,0
454515,0
795305,0
392992,0
377346,0
429574,0
725183,0
862364,0
544028,0
823416,0
441547,0
759472,0
820786,0
626986,0
975843,0
592772,0
568341,0
187671,0
582892,0
606293,0
496729,0
783520,0
486910,0
1060855,0
1051694,0
478783,0
1060004,0
712071,0
594769,0
817662,0
637478,0
868784,0
462863,0
611256,0
801412,0
508921,0
985643,0
748867,0
635996,0
1067601,0
650732,0
661746,0
530424,0
669263,0
969594,0
746698,0
664680,0
756045,0
511274,0
609823,0
625317,0
854864,0
603102,0
636109,0
802655,0
569379,0
766987,0
1005939,0
631419,0
758319,0
852153,0
501089,0
572412,0
618945,0
1042944,0
968098,0
542854,0
501716,0
466073,0
634290,0
565783,0
755248,0
450280,0
665789,0
439477,0
638309,0
648493,0
451663,0
502250,0
565803,0
860544,0
864027,0
787725,0
604119,0
709541,0
831341,0
430667,0
801771,0
584456,0
579922,0
741535,0
740968,0
640448,0
869901,0
661174,0
345705,0
725871,0
377780,0
546615,0
371943,0
820894,0
618834,0
437852,0
865242,0
635735,0
375429,0
730930,0
382129,0
535075,0
778904,0
596664,0
493088,0
606719,0
867685,0
736753,0
734373,0
1032577,0
523082,0
992300,0
702497,0
1063679,0
1035958,0
714999,0
643293,0
868411,0
470108,0
360316,0
1035424,0
478526,0
557721,0
800250,0
787951,0
968716,0
590102,0
501095,0
551666,0
485184,0
389118,0
421199,0
599847,0
664666,0
587979,0
1031213,0
1040330,0
1019005,0
375510,0
551924,0
426978,0
799758,0
1019899,0
710041,0
484122,0
642967,0
834566,0
570660,0
756833,0
449587,0
600535,0
802075,0
613031,0
1033601,0
640529,0
1035463,0
978766,0
839637,0
472894,0
456132,0
756802,0
884850,0
481208,0
373494,0
472363,0
681101,0
1040053,0
624911,0
434076,0
768861,0
745721,0
541026,0
511500,0
860152,0
626392,0
521264,0
541068,0
379639,0
450428,0
574876,0
1029191,0
460790,0
765598,0
704462,0
1005770,0
391972,0
501797,0
680941,0
401782,0
752830,0
710739,0
711742,0
360157,0
973261,0
505431,0
520804,0
592832,0
712186,0
362787,0
1051341,0
531518,0
330551,0
677482,0
830405,0
469298,0
510175,0
547850,0
1037730,0
1001343,0
1055612,0
836670,0
493543,0
691483,0
755206,0
732403,0
498498,0
776743,0
642858,0
654177,0
722961,0
554736,0
579958,0
1004013,0
659026,0
460048,0
396644,0
475957,0
635637,0
772715,0
435363,0
717212,0
495479,0
496871,0
868937,0
989786,0
700285,0
890389,0
754020,0
581359,0
1045458,0
615743,0
773236,0
579227,0
1048214,0
719724,0
846511,0
774055,0
878395,0
373272,0
854654,0
709890,0
1051845,0
473722,0
981929,0
418546,0
781006,0
796382,0
602108,0
696636,0
1020958,0
619065,0
644111,0
675806,0
630837,0
622803,0
492330,0
429733,0
882197,0
737582,0
523404,0
969217,0
743336,0
500962,0
424125,0
1032430,0
642859,0
491369,0
309791,0
851080,0
647057,0
561711,0
606251,0
774155,0
517878,0
684880,0
407315,0
485471,0
663318,0
631459,0
1009152,0
478470,0
415746,0
563631,0
502657,0
738177,0
293091,0
850990,0
360350,0
566490,0
542898,0
399645,0
737349,0
1048164,0
1065642,0
589733,0
1036604,0
408844,0
888097,0
987080,0
991299,0
406072,0
476194,0
473133,0
748776,0
349348,0
456357,0
848279,0
850645,0
829893,0
612578,0
545850,0
470433,0
451659,0
413718,0
585593,0
782188,0
850174,0
831331,0
790775,0
329511,0
487483,0
533036,0
215531,0
424804,0
604023,0
977294,0
769691,0
550598,0
783020,0
1060411,0
278911,0
598833,0
757409,0
852262,0
359727,0
720152,0
467735,0
890947,0
549677,0
116040,0
589090,0
880102,0
999905,0
1019563,0
370458,0
423525,0
1031022,0
449282,0
683963,0
659646,0
531767,0
860654,0
719129,0
558495,0
489797,0
862376,0
988624,0
592219,0
565494,0
1004123,0
449264,0
761647,0
789955,0
605811,0
452052,0
618187,0
654916,0
737703,0
575315,0
1057204,0
1020469,0
631370,0
750811,0
602221,0
881078,0
822509,0
463832,0
164792,0
434822,0
508731,0
617995,0
1033663,0
622976,0
738668,0
493347,0
577597,0
634029,0
718344,0
491837,0
389885,0
819238,0
635320,0
1069361,0
447194,0
486955,0
413385,0
494512,0
490075,0
1034518,0
605838,0
1006283,0
746282,0
443110,0
499575,0
224541,0
388170,0
885701,0
617355,0
378905,0
675017,0
817877,0
626671,0
544156,0
572568,0
1031138,0
802942,0
355228,0
1007154,0
873939,0
485685,0
821098,0
609362,0
248539,0
788372,0
710690,0
556368,0
845260,0
476988,0
422481,0
985145,0
394523,0
538287,0
684732,0
851224,0
446121,0
379570,0
489130,0
882118,0
560132,0
528519,0
786567,0
1059704,0
510753,0
1042980,0
698465,0
785010,0
509666,0
714539,0
414483,0
984056,0
978429,0
563334,0
457583,0
546954,0
786752,0
1042228,0
651508,0
613751,0
643968,0
601462,0
727157,0
452031,0
749390,0
368168,0
538111,0
579737,0
449610,0
652352,0
568339,0
428085,0
853157,0
433155,0
642564,0
766902,0
995515,0
707856,0
841403,0
367643,0
1038455,0
655377,0
479707,0
477250,0
594026,0
552451,0
463797,0
1066712,0
635334,0
715397,0
688829,0
429637,0
364794,0
670653,0
581175,0
859682,0
838518,0
512580,0
810177,0
702570,0
436032,0
628287,0
1055800,0
978877,0
784060,0
832719,0
808902,0
554300,0
1059280,0
967372,0
744934,0
480463,0
867370,0
701547,0
450363,0
1057054,0
512665,0
577986,0
892628,0
758482,0
445524,0
420536,0
552968,0
764296,0
530856,0
377380,0
1041683,0
547428,0
92402,0
715647,0
727221,0
536372,0
1031381,0
988536,0
867876,0
235094,0
887633,0
685444,0
545117,0
872182,0
1064558,0
370308,0
472483,0
616024,0
838332,0
424360,0
560053,0
890096,0
745969,0
331141,0
462175,0
360984,0
794040,0
847174,0
557395,0
746161,0
661138,0
779618,0
781706,0
775469,0
598308,0
825187,0
831616,0
571785,0
637323,0
395226,0
769566,0
605106,0
833315,0
624694,0
1015930,0
363631,0
756867,0
871467,0
719582,0
577396,0
521768,0
777217,0
384141,0
863425,0
882431,0
376257,0
747834,0
868075,0
1036629,0
535003,0
869188,0
428954,0
809797,0
746973,0
882466,0
710929,0
584969,0
880291,0
802074,0
719166,0
1059582,0
727666,0
528582,0
607194,0
728317,0
673620,0
634906,0
428879,0
505512,0
1051409,0
1022256,0
1052370,0
808665,0
991606,0
682766,0
558447,0
659299,0
1018693,0
376588,0
640082,0
470125,0
611936,0
696205,0
349588,0
1035086,0
621125,0
641244,0
500440,0
653211,0
299092,0
549042,0
810929,0
439226,0
619885,0
489803,0
837242,0
517810,0
673585,0
723328,0
766639,0
705134,0
415878,0
1016090,0
390554,0
576122,0
981540,0
515054,0
758437,0
441972,0
1054244,0
1031409,0
1044801,0
1000579,0
529157,0
1017849,0
656243,0
996851,0
427860,0
749107,0
757943,0
217788,0
592167,0
352072,0
605282,0
523016,0
666729,0
623096,0
867826,0
786735,0
496347,0
381989,0
1048797,0
847906,0
758131,0
868215,0
590199,0
1063238,0
189379,0
644553,0
457500,0
383701,0
665607,0
657631,0
968567,0
752021,0
540772,0
419040,0
375897,0
408191,0
1009153,0
631809,0
744805,0
476720,0
479532,0
311187,0
621669,0
1009584,0
542043,0
365341,0
726130,0
485310,0
545435,0
663397,0
183801,0
872488,0
487597,0
788334,0
876156,0
1006430,0
467716,0
509250,0
512297,0
593793,0
632049,0
483129,0
566931,0
482198,0
388121,0
862295,0
967897,0
723531,0
686089,0
593642,0
716118,0
473684,0
858997,0
1009699,0
632873,0
464760,0
566162,0
475806,0
812779,0
865674,0
532044,0
587749,0
1047982,0
673307,0
768140,0
864919,0
750409,0
609585,0
646694,0
575540,0
582776,0
491628,0
834168,0
562178,0
976906,0
1052102,0
744339,0
655822,0
796619,0
441717,0
756328,0
733548,0
915691,0
546921,0
525184,0
760823,0
557732,0
808650,0
818175,0
734358,0
252482,0
809298,0
625995,0
768181,0
440758,0
735569,0
1061891,0
512656,0
711345,0
508907,0
299790,0
675548,0
642850,0
786376,0
663996,0
864482,0
439530,0
1018190,0
868539,0
468378,0
588575,0
612160,0
612910,0
647417,0
677882,0
454043,0
969087,0
739063,0
533495,0
966184,0
854888,0
462396,0
645805,0
353071,0
381258,0
1020220,0
1043899,0
1026729,0
788452,0
886999,0
535095,0
604469,0
769206,0
306405,0
565669,0
986404,0
529622,0
680113,0
534831,0
1046950,0
839805,0
740858,0
449365,0
671393,0
665644,0
973438,0
737288,0
485943,0
842083,0
842583,0
1009591,0
375369,0
1052247,0
437778,0
634792,0
362480,0
521112,0
1013775,0
537245,0
891046,0
710371,0
645828,0
739275,0
994734,0
547736,0
967712,0
721616,0
568768,0
1048931,0
869359,0
725989,0
787712,0
288720,0
391306,0
413229,0
375272,0
607800,0
1024649,0
472112,0
464987,0
893194,0
374466,0
762334,0
615036,0
462245,0
1052717,0
1059603,0
332927,0
970222,0
653306,0
200600,0
894043,0
716404,0
585680,0
571832,0
424922,0
869068,0
776019,0
605568,0
539250,0
987278,0
512846,0
1053094,0
1017624,0
884787,0
994238,0
442355,0
1017697,0
886926,0
1037540,0
468564,0
483328,0
892904,0
602374,0
801643,0
364550,0
1011178,0
1047771,0
886249,0
817826,0
445282,0
403630,0
522129,0
968598,0
812053,0
829862,0
443297,0
628170,0
483643,0
1016799,0
844784,0
437992,0
878306,0
613010,0
644065,0
358566,0
1025301,0
451129,0
489520,0
859753,0
651424,0
680000,0
802260,0
651409,0
856178,0
611566,0
749545,0
1013112,0
415094,0
642513,0
994715,0
481468,0
708284,0
999335,0
452356,0
448526,0
577367,0
494852,0
372378,0
860597,0
451329,0
857601,0
476853,0
854010,0
808798,0
622000,0
755537,0
715167,0
709764,0
709864,0
755041,0
574499,0
974540,0
496498,0
372976,0
740902,0
297158,0
809262,0
777747,0
1038479,0
686793,0
765676,0
968807,0
1016106,0
638861,0
348549,0
1034721,0
876767,0
1065896,0
755405,0
490933,0
577939,0
761781,0
868942,0
775360,0
794680,0
979822,0
495073,0
502586,0
381581,0
832317,0
854732,0
676191,0
855628,0
986731,0
121426,0
619336,0
883827,0
458713,0
1038768,0
720364,0
1020326,0
843299,0
768375,0
448403,0
983966,0
630598,0
478818,0
820653,0
452809,0
790448,0
596091,0
471862,0
641888,0
369400,0
757181,0
611041,0
554725,0
572770,0
503395,0
459630,0
1066835,0
603245,0
854083,0
280776,0
560857,0
865503,0
657705,0
599680,0
778837,0
965596,0
661452,0
544537,0
518877,0
879190,0
876722,0
371082,0
495772,0
721057,0
466314,0
679659,0
715022,0
526710,0
751706,0
738685,0
622449,0
495891,0
662142,0
659318,0
486027,0
488029,0
795487,0
425906,0
781388,0
806956,0
714868,0
127353,0
789053,0
813725,0
840425,0
813286,0
515702,0
468994,0
604346,0
677405,0
553809,0
625236,0
475958,0
872990,0
498276,0
989290,0
467971,0
868348,0
643486,0
508722,0
878665,0
650283,0
571012,0
900150,0
373986,0
838539,0
671073,0
689810,0
582250,0
869344,0
491339,0
861147,0
589884,0
493393,0
866217,0
628350,0
402075,0
478163,0
464399,0
601603,0
646257,0
1049982,0
495585,0
619668,0
427070,0
590716,0
660629,0
996855,0
766102,0
396085,0
726681,0
660438,0
844720,0
879275,0
441121,0
644052,0
388174,0
801761,0
441792,0
998252,0
794855,0
750538,0
526810,0
518066,0
536046,0
1017115,0
724735,0
485338,0
513778,0
492471,0
612594,0
370285,0
739441,0
1017883,0
604220,0
374672,0
357157,0
785626,0
854552,0
480331,0
411477,0
893013,0
1004353,0
679178,0
710594,0
999662,0
524664,0
586755,0
521462,0
718573,0
634768,0
598672,0
560896,0
688988,0
889548,0
516702,0
768835,0
730036,0
516563,0
683634,0
1025411,0
480014,0
476126,0
644453,0
584277,0
804512,0
635101,0
742047,0
156021,0
1022889,0
838475,0
619894,0
383364,0
786397,0
1049524,0
872768,0
772603,0
347265,0
483080,0
717301,0
638674,0
503291,0
582418,0
386851,0
728055,0
600725,0
1051000,0
1029779,0
468706,0
805466,0
281788,0
256450,0
740890,0
622808,0
996053,0
723487,0
584344,0
765963,0
572356,0
671932,0
951409,0
781772,0
790543,0
755486,0
227383,0
798147,0
1034441,0
681203,0
450914,0
776449,0
1009553,0
1033498,0
583745,0
566308,0
770841,0
648667,0
605772,0
633991,0
981875,0
506495,0
608268,0
636020,0
548748,0
589404,0
579987,0
1061247,0
829066,0
535364,0
875556,0
812407,0
830087,0
618625,0
603488,0
1041216,0
787062,0
613908,0
526182,0
736163,0
452494,0
1061869,0
398469,0
852793,0
496066,0
710170,0
366109,0
1031631,0
816456,0
287454,0
746589,0
820959,0
867848,0
976009,0
647688,0
867000,0
1002880,0
1038158,0
656081,0
857637,0
402561,0
406894,0
806736,0
256458,0
497037,0
678614,0
453688,0
379579,0
591683,0
529502,0
726595,0
705211,0
392890,0
494288,0
984383,0
714793,0
486325,0
484298,0
652038,0
470305,0
996371,0
1030151,0
822329,0
668941,0
486462,0
805766,0
584817,0
648708,0
794466,0
579186,0
637461,0
852660,0
450761,0
633595,0
416575,0
824782,0
529214,0
990374,0
856743,0
802967,0
608033,0
364487,0
560294,0
742530,0
522904,0
801139,0
436141,0
603155,0
647211,0
823123,0
1030884,0
587541,0
627446,0
795376,0
556238,0
602432,0
1024144,0
562800,0
747831,0
980136,0
780245,0
572670,0
590714,0
779432,0
523503,0
735322,0
708472,0
1064736,0
465500,0
496944,0
640564,0
509952,0
1042771,0
1068090,0
791885,0
710390,0
439205,0
784346,0
797340,0
717765,0
573077,0
445485,0
743206,0
640618,0
514050,0
512167,0
716253,0
441806,0
889630,0
434811,0
597272,0
408286,0
611270,0
981627,0
669298,0
506052,0
355587,0
492256,0
509318,0
400323,0
787739,0
1043174,0
857314,0
372540,0
685139,0
509004,0
786948,0
840643,0
630521,0
821828,0
520567,0
993162,0
998469,0
577626,0
362153,0
994249,0
394415,0
405703,0
677798,0
450579,0
666196,0
382085,0
429330,0
838834,0
468125,0
600497,0
741434,0
971178,0
641397,0
780509,0
355721,0
709213,0
581779,0
792324,0
1000989,0
1068180,0
937673,0
858158,0
783731,0
504855,0
894021,0
1038453,0
720542,0
880061,0
548852,0
676021,0
615853,0
838698,0
661258,0
1038010,0
566942,0
748719,0
1030450,0
671194,0
647746,0
642837,0
623131,0
519757,0
505245,0
749243,0
759401,0
475969,0
572484,0
598284,0
977021,0
456085,0
537616,0
555728,0
527598,0
594789,0
678777,0
989417,0
400783,0
642843,0
751807,0
475255,0
1051488,0
413964,0
621660,0
1058749,0
404448,0
629074,0
731269,0
969806,0
842490,0
422630,0
867495,0
1042606,0
977741,0
869722,0
1062873,0
593853,0
884487,0
782454,0
178236,0
979032,0
856867,0
991819,0
435064,0
823379,0
743569,0
1050511,0
630481,0
718581,0
667130,0
1032109,0
616269,0
527949,0
513534,0
380527,0
556416,0
447574,0
270002,0
716059,0
747449,0
582789,0
603648,0
489997,0
473342,0
820914,0
429085,0
667320,0
428763,0
603158,0
443197,0
893520,0
1028566,0
998983,0
878462,0
627479,0
374151,0
488545,0
387602,0
603576,0
829393,0
579674,0
642829,0
668106,0
649279,0
379670,0
609583,0
423971,0
1030354,0
970154,0
273445,0
777519,0
749319,0
354273,0
1004332,0
502728,0
979575,0
568889,0
358748,0
577468,0
506698,0
580982,0
854481,0
815104,0
790586,0
438165,0
579870,0
468057,0
377314,0
376278,0
678492,0
432100,0
381015,0
575830,0
512384,0
806581,0
471526,0
1036318,0
1057923,0
59006,0
1017348,0
852921,0
391659,0
891718,0
699789,0
465457,0
526248,0
482840,0
365927,0
869189,0
523291,0
500265,0
861767,0
1035284,0
1032337,0
671363,0
1058603,0
363092,0
609146,0
662673,0
754053,0
727197,0
642494,0
755250,0
663508,0
1057522,0
761214,0
527312,0
882760,0
605394,0
180005,0
765726,0
493666,0
551197,0
1034920,0
505258,0
649472,0
448916,0
702385,0
1038009,0
631559,0
666097,0
514405,0
682652,0
611449,0
627397,0
808311,0
671996,0
1045843,0
989467,0
702096,0
732925,0
1010629,0
371700,0
616251,0
736365,0
624384,0
424334,0
469056,0
658407,0
633967,0
650525,0
769458,0
762041,0
651340,0
675777,0
534456,0
726300,0
965579,0
584708,0
883269,0
542592,0
712722,0
975156,0
455281,0
480103,0
839980,0
847662,0
436010,0
892332,0
1047652,0
482681,0
1015821,0
705715,0
232302,0
640548,0
874580,0
543732,0
811240,0
656039,0
671101,0
496746,0
720817,0
1054235,0
767325,0
629032,0
484016,0
847265,0
744588,0
787214,0
1041332,0
710472,0
881309,0
434858,0
385685,0
522450,0
481883,0
786895,0
1013818,0
525686,0
628404,0
822885,0
512376,0
968261,0
680661,0
687875,0
445760,0
567956,0
607690,0
1008845,0
780445,0
966448,0
501747,0
382314,0
751200,0
562313,0
546088,0
370518,0
887797,0
854351,0
432592,0
815210,0
715206,0
1057629,0
642854,0
537601,0
395896,0
767220,0
596202,0
654709,0
645548,0
987921,0
366887,0
492955,0
740655,0
662135,0
559614,0
390849,0
352378,0
503934,0
685046,0
545385,0
968798,0
345190,0
362395,0
674916,0
580465,0
618290,0
778012,0
843913,0
868224,0
913851,0
383918,0
887145,0
404992,0
664185,0
554107,0
875266,0
451896,0
999639,0
550259,0
348410,0
1022549,0
747619,0
522376,0
465704,0
166747,0
520917,0
669413,0
886514,0
753245,0
436479,0
601803,0
588043,0
669492,0
508719,0
643182,0
609964,0
782285,0
591044,0
348006,0
556123,0
554726,0
455977,0
843415,0
1051297,0
655197,0
1050340,0
422880,0
1037702,0
800278,0
693491,0
816278,0
759281,0
738326,0
852089,0
572119,0
367680,0
437150,0
576013,0
893012,0
410780,0
515474,0
973182,0
830942,0
362386,0
603944,0
831552,0
1038484,0
840632,0
630583,0
643778,0
452330,0
290441,0
351120,0
678349,0
994994,0
712408,0
486686,0
579043,0
730859,0
361161,0
492041,0
733469,0
793950,0
589347,0
1055974,0
339477,0
737771,0
1033959,0
575382,0
1038322,0
385291,0
837450,0
1055723,0
841453,0
813997,0
854023,0
552311,0
580598,0
504408,0
464091,0
535267,0
542659,0
893213,0
846040,0
621534,0
367218,0
863059,0
572468,0
453618,0
625349,0
806609,0
754118,0
456534,0
426215,0
674848,0
1011358,0
617686,0
491388,0
513341,0
735256,0
725531,0
1039330,0
544138,0
552116,0
585156,0
353062,0
822526,0
509895,0
1038342,0
545768,0
831163,0
835680,0
984854,0
861893,0
730412,0
751767,0
1036916,0
510836,0
473383,0
461894,0
372953,0
1009387,0
419816,0
433040,0
845162,0
985956,0
839684,0
451395,0
982170,0
627230,0
986936,0
1053092,0
887956,0
692016,0
469115,0
391981,0
435184,0
767614,0
525019,0
742119,0
444021,0
454838,0
1028780,0
363677,0
794157,0
742130,0
462778,0
1035597,0
891299,0
463873,0
522407,0
995288,0
868166,0
754060,0
680060,0
860642,0
624441,0
695201,0
774758,0
780193,0
296360,0
602067,0
1037964,0
766765,0
669559,0
602404,0
985043,0
842054,0
628026,0
480257,0
498939,0
741288,0
522798,0
1064582,0
661218,0
787654,0
861790,0
648421,0
1015522,0
466771,0
561741,0
519713,0
842329,0
1026750,0
518495,0
779274,0
492524,0
633487,0
731866,0
516387,0
1027807,0
787952,0
690900,0
993747,0
789121,0
776969,0
753478,0
826432,0
661658,0
665169,0
769491,0
507374,0
257019,0
548196,0
994983,0
1014717,0
654586,0
1022452,0
260049,0
729542,0
480135,0
882438,0
514120,0
473481,0
795816,0
825575,0
842600,0
708331,0
827528,0
525321,0
848538,0
431061,0
636528,0
1035032,0
634925,0
580492,0
631766,0
851927,0
803734,0
1030910,0
1054189,0
672692,0
476080,0
216013,0
982070,0
989842,0
1066071,0
524860,0
733542,0
1064623,0
643694,0
1030567,0
477639,0
667247,0
1060804,0
536201,0
423543,0
408983,0
509344,0
621444,0
763623,0
811320,0
967351,0
1034865,0
497240,0
992580,0
611872,0
637908,0
365344,0
757349,0
978992,0
992339,0
650446,0
654018,0
458648,0
780371,0
605204,0
874463,0
834132,0
983800,0
763330,0
553786,0
516741,0
714427,0
572331,0
751935,0
829887,0
662734,0
868715,0
579977,0
487546,0
767584,0
588050,0
304853,0
518158,0
633383,0
564565,0
522204,0
751652,0
447070,0
1004804,0
650598,0
748128,0
286955,0
567638,0
561828,0
620914,0
545649,0
803805,0
634775,0
551238,0
1040840,0
994322,0
398765,0
388912,0
712746,0
991725,0
494829,0
653009,0
746480,0
890368,0
494191,0
874121,0
977528,0
603861,0
710905,0
796984,0
364302,0
640570,0
725495,0
626895,0
972573,0
875409,0
578649,0
521638,0
761049,0
715658,0
654074,0
864755,0
438513,0
564237,0
792463,0
408511,0
428528,0
770000,0
518280,0
1068542,0
563730,0
735145,0
559669,0
276857,0
1007009,0
855694,0
513261,0
882221,0
976384,0
661459,0
781191,0
814939,0
871527,0
714529,0
679122,0
518722,0
528958,0
383816,0
637271,0
857575,0
395277,0
454329,0
554466,0
872960,0
510027,0
471762,0
823069,0
633965,0
598235,0
428839,0
573221,0
1068547,0
690764,0
451291,0
1012057,0
842643,0
443054,0
833116,0
601348,0
996065,0
370610,0
762370,0
548340,0
451856,0
378816,0
1068409,0
1018094,0
500346,0
504523,0
976704,0
730144,0
450071,0
1039586,0
1056297,0
354715,0
654211,0
717661,0
763106,0
612223,0
788178,0
439070,0
773833,0
645719,0
1065348,0
867909,0
994128,0
503157,0
534186,0
691545,0
1050460,0
998968,0
861751,0
424016,0
682254,0
1028164,0
516237,0
430831,0
564492,0
629097,0
600628,0
552060,0
1020011,0
436584,0
676980,0
140687,0
590764,0
599544,0
482613,0
873422,0
813783,0
992463,0
413254,0
862212,0
861078,0
788842,0
552310,0
856181,0
1020640,0
444805,0
587231,0
816748,0
816395,0
608600,0
994123,0
387566,0
789658,0
885791,0
741883,0
1008194,0
751401,0
719560,0
650721,0
556565,0
629059,0
775658,0
871812,0
890137,0
618903,0
411483,0
640761,0
526339,0
823356,0
626658,0
654110,0
655892,0
544159,0
1059571,0
817698,0
656790,0
992372,0
652902,0
870177,0
778432,0
631510,0
859775,0
448514,0
501462,0
502532,0
868392,0
545346,0
360493,0
379776,0
348557,0
727058,0
555813,0
452418,0
486355,0
578939,0
755317,0
677398,0
476851,0
659365,0
856621,0
924776,0
892242,0
845232,0
675575,0
747080,0
1031998,0
1037313,0
453308,0
361080,0
807523,0
495597,0
787534,0
970404,0
487278,0
609676,0
821463,0
677134,0
595917,0
670099,0
536209,0
845275,0
1050827,0
409561,0
693196,0
741489,0
796074,0
486069,0
632194,0
752015,0
618788,0
879540,0
400607,0
1059870,0
844892,0
619870,0
652122,0
866786,0
514276,0
69990,0
378851,0
392887,0
559196,0
864711,0
413761,0
864057,0
833663,0
868438,0
1061661,0
1008324,0
777779,0
1058276,0
769111,0
484846,0
1064924,0
1065648,0
473725,0
543328,0
634017,0
489616,0
861292,0
632666,0
698463,0
563685,0
508429,0
476408,0
459190,0
549906,0
873874,0
731888,0
753121,0
587316,0
523986,0
1010998,0
384283,0
458679,0
759988,0
616991,0
611933,0
986319,0
755156,0
283707,0
410267,0
277688,0
629639,0
1030254,0
364559,0
1068111,0
741219,0
538376,0
462714,0
553076,0
706114,0
987992,0
435210,0
657043,0
1028180,0
796440,0
809383,0
510890,0
494321,0
621853,0
814911,0
810960,0
1025533,0
878108,0
503030,0
577584,0
560187,0
613392,0
613331,0
751923,0
658615,0
529915,0
488826,0
577436,0
974856,0
648218,0
720315,0
545285,0
880299,0
361849,0
512716,0
527448,0
786829,0
839631,0
751510,0
720443,0
748880,0
785249,0
883428,0
531689,0
550427,0
808541,0
1062012,0
659735,0
487968,0
619385,0
469409,0
1003716,0
627199,0
861237,0
693452,0
544400,0
351369,0
1062490,0
757276,0
457893,0
490731,0
466600,0
755595,0
662638,0
696662,0
857865,0
736849,0
1060698,0
594883,0
537645,0
709318,0
1000903,0
769643,0
426599,0
376175,0
810895,0
405980,0
720360,0
609489,0
810622,0
659857,0
818869,0
621253,0
565727,0
397941,0
469094,0
952602,0
441472,0
710158,0
631441,0
790969,0
735177,0
861498,0
791118,0
626757,0
364773,0
700591,0
542465,0
806406,0
884502,0
783697,0
488333,0
394696,0
428292,0
364451,0
560150,0
878233,0
865523,0
735338,0
976229,0
511889,0
814378,0
855246,0
863309,0
400097,0
877221,0
1058237,0
1063098,0
640600,0
727063,0
782989,0
775416,0
617907,0
413978,0
443451,0
533430,0
194565,0
785787,0
730018,0
736123,0
466415,0
542972,0
531231,0
617538,0
465349,0
423195,0
632430,0
1052689,0
547215,0
453358,0
631740,0
854716,0
1037033,0
610216,0
657997,0
838179,0
515070,0
393734,0
435238,0
584192,0
1061070,0
464583,0
1028052,0
984998,0
818015,0
1061530,0
634073,0
697667,0
1031501,0
693131,0
677175,0
1044439,0
782575,0
643333,0
615558,0
975902,0
569734,0
578777,0
210194,0
785897,0
476939,0
885731,0
591397,0
790456,0
1052220,0
683989,0
491776,0
831666,0
821254,0
176206,0
452407,0
624415,0
1010659,0
981005,0
511298,0
669087,0
596398,0
472636,0
1005967,0
842706,0
723119,0
735359,0
626852,0
787410,0
155780,0
611934,0
829838,0
629807,0
559490,0
403526,0
791870,0
752180,0
879516,0
616223,0
606343,0
838376,0
625947,0
488844,0
833012,0
608447,0
854986,0
224210,0
450950,0
459122,0
168100,0
386450,0
554674,0
487534,0
821011,0
828482,0
806081,0
790593,0
764332,0
781284,0
978860,0
787099,0
658665,0
790382,0
505417,0
979132,0
856159,0
455304,0
1053374,0
467282,0
761033,0
302796,0
606185,0
485610,0
543251,0
587263,0
366169,0
599413,0
478263,0
535375,0
1008227,0
532488,0
433950,0
416154,0
468350,0
674071,0
408322,0
904871,0
352816,0
395888,0
539869,0
453136,0
1056799,0
462279,0
816315,0
675685,0
407794,0
607202,0
445279,0
439686,0
495471,0
833424,0
665951,0
597751,0
780227,0
245190,0
1020291,0
815326,0
469289,0
759435,0
633030,0
774258,0
357165,0
693954,0
544344,0
462762,0
397415,0
968565,0
779459,0
866216,0
1013143,0
625124,0
541417,0
835018,0
406210,0
742923,0
636364,0
606139,0
517663,0
808247,0
672671,0
872953,0
222829,0
714719,0
978948,0
790731,0
645651,0
351735,0
432225,0
602852,0
474397,0
1059210,0
595127,0
766964,0
817244,0
1040854,0
470015,0
493435,0
804865,0
1048874,0
500805,0
554910,0
768907,0
616871,0
365171,0
1013619,0
372777,0
966742,0
1016155,0
498772,0
808268,0
738730,0
371299,0
1036062,0
523724,0
477281,0
746593,0
642824,0
730739,0
1011665,0
740576,0
378036,0
738492,0
792985,0
832796,0
522809,0
348908,0
613879,0
971771,0
819520,0
623790,0
814262,0
517613,0
1006885,0
730853,0
659954,0
856108,0
886763,0
831099,0
699321,0
677324,0
650951,0
969858,0
976712,0
552133,0
679760,0
684402,0
599951,0
722768,0
642321,0
763009,0
714951,0
544170,0
540931,0
609294,0
859862,0
524052,0
552015,0
444605,0
1002062,0
603312,0
828024,0
1009138,0
1046275,0
1024738,0
504366,0
1054438,0
998087,0
622766,0
766075,0
573020,0
829807,0
764191,0
807193,0
892182,0
435158,0
797886,0
822196,0
808830,0
827283,0
599611,0
996119,0
710582,0
643573,0
756297,0
811348,0
757200,0
781758,0
696897,0
891841,0
170528,0
877788,0
363281,0
754302,0
821086,0
876865,0
967393,0
770112,0
566855,0
266544,0
375466,0
489457,0
738012,0
625156,0
456971,0
497075,0
603585,0
1012367,0
1058824,0
568940,0
882412,0
596435,0
614849,0
862397,0
746928,0
453437,0
543141,0
142608,0
382649,0
643176,0
633367,0
605397,0
635832,0
634996,0
591582,0
881283,0
612541,0
597589,0
600615,0
601997,0
760863,0
560844,0
519375,0
383914,0
981809,0
862646,0
403934,0
968467,0
745712,0
468980,0
642834,0
721333,0
539053,0
798511,0
626002,0
308270,0
537448,0
513225,0
458784,0
565419,0
886050,0
806665,0
519960,0
472364,0
509814,0
724178,0
781189,0
996550,0
472601,0
966206,0
971035,0
474628,0
828542,0
984146,0
381198,0
553450,0
882328,0
991923,0
775593,0
864131,0
1012020,0
721515,0
593420,0
1068792,0
834311,0
1059312,0
775442,0
455662,0
984527,0
513755,0
743347,0
432376,0
451606,0
365566,0
641304,0
606856,0
1061130,0
816103,0
1019780,0
508289,0
874599,0
978833,0
1031266,0
595190,0
365326,0
1000030,0
312947,0
548540,0
1044514,0
616772,0
733503,0
480410,0
793962,0
844641,0
641208,0
889621,0
459675,0
361107,0
571728,0
798261,0
633116,0
307524,0
1017552,0
438694,0
500824,0
794050,0
1040481,0
810745,0
838362,0
594884,0
196428,0
674942,0
668658,0
420220,0
429510,0
660114,0
545234,0
715901,0
570657,0
870741,0
779326,0
1052169,0
446075,0
1035373,0
489556,0
600228,0
537907,0
753016,0
787172,0
376101,0
706797,0
723667,0
486131,0
498921,0
745618,0
778280,0
437605,0
829264,0
458732,0
755087,0
593916,0
823755,0
499880,0
862168,0
810849,0
851613,0
1061413,0
813383,0
749255,0
1023996,0
600237,0
664288,0
664509,0
1025461,0
287629,0
857630,0
810514,0
455941,0
761163,0
1061245,0
746374,0
668301,0
536025,0
831404,0
640786,0
493244,0
516313,0
490481,0
532252,0
969413,0
375297,0
824618,0
625946,0
541189,0
586429,0
417291,0
684272,0
1046334,0
353220,0
559039,0
1020966,0
482715,0
883161,0
572849,0
663103,0
559387,0
536352,0
693993,0
406643,0
544069,0
884931,0
437167,0
812517,0
978722,0
486632,0
1013197,0
566825,0
969687,0
296353,0
601184,0
863062,0
1035392,0
666355,0
491618,0
870129,0
482297,0
602792,0
806044,0
353150,0
967332,0
623243,0
473007,0
546186,0
380963,0
861308,0
400773,0
887616,0
831057,0
1002199,0
598836,0
771460,0
498079,0
843787,0
659238,0
748479,0
999179,0
744641,0
648547,0
1065447,0
1064452,0
680684,0
1038147,0
511935,0
881357,0
404353,0
428880,0
973506,0
891490,0
550134,0
416813,0
411487,0
584718,0
596895,0
593304,0
1032563,0
890104,0
817611,0
874548,0
822173,0
821317,0
994529,0
839811,0
1050681,0
447475,0
732719,0
416997,0
805151,0
515037,0
674749,0
600355,0
836324,0
844985,0
712042,0
781824,0
801918,0
505561,0
855530,0
448779,0
712041,0
600303,0
1048987,0
1001045,0
762576,0
633616,0
519368,0
375368,0
966855,0
391767,0
706782,0
539806,0
592362,0
432820,0
1015651,0
1034722,0
433598,0
243957,0
728482,0
604695,0
644861,0
553205,0
467043,0
1012584,0
370302,0
767352,0
880822,0
499533,0
1053652,0
675918,0
578705,0
389079,0
523446,0
372595,0
604268,0
541249,0
893553,0
714580,0
598629,0
128881,0
617728,0
620610,0
604861,0
511422,0
426837,0
630780,0
740830,0
619580,0
452947,0
485679,0
1016026,0
418061,0
223308,0
503016,0
830023,0
652750,0
1013376,0
479864,0
543489,0
432311,0
623819,0
625718,0
351785,0
831833,0
643083,0
507560,0
609097,0
245765,0
477502,0
436709,0
657358,0
800824,0
844946,0
361282,0
529449,0
626307,0
215897,0
666622,0
522080,0
764588,0
797948,0
990486,0
482352,0
386136,0
222492,0
539517,0
771203,0
531383,0
367384,0
629902,0
493045,0
514853,0
350108,0
381426,0
692633,0
487457,0
454682,0
484323,0
1025163,0
642467,0
587629,0
797001,0
994611,0
588796,0
752237,0
765156,0
856223,0
412583,0
429003,0
700978,0
539223,0
716938,0
502314,0
813817,0
1022845,0
553121,0
766050,0
653914,0
690839,0
479036,0
856801,0
433364,0
567141,0
970386,0
590182,0
792395,0
688200,0
315895,0
574768,0
850711,0
623560,0
519790,0
1005831,0
477959,0
363593,0
868017,0
1029334,0
711570,0
633896,0
140036,0
613827,0
701590,0
889931,0
499499,0
601653,0
421683,0
411236,0
506548,0
771997,0
422730,0
1003645,0
1063448,0
559361,0
548241,0
606415,0
732629,0
1009012,0
466978,0
653722,0
723785,0
657172,0
740181,0
1037268,0
353371,0
734739,0
608734,0
453477,0
1011748,0
831169,0
238612,0
1041534,0
675864,0
698084,0
362265,0
490968,0
827266,0
512027,0
979157,0
469681,0
770284,0
757733,0
361244,0
937124,0
833169,0
1015338,0
597459,0
1017393,0
526437,0
1053529,0
709200,0
795714,0
522641,0
974837,0
993535,0
582088,0
1049278,0
586046,0
968008,0
503672,0
597558,0
492163,0
855484,0
501172,0
868669,0
485083,0
996982,0
808562,0
1058814,0
398306,0
886513,0
463478,0
757524,0
660157,0
430804,0
504671,0
624243,0
613039,0
985053,0
531346,0
567308,0
866531,0
546531,0
488478,0
597118,0
629818,0
741903,0
871578,0
389138,0
638163,0
1010411,0
780992,0
243406,0
669735,0
592019,0
364557,0
552244,0
561666,0
652753,0
386100,0
543747,0
1071795,0
797959,0
560659,0
1018748,0
818331,0
660042,0
484753,0
665826,0
362164,0
683020,0
385287,0
847490,0
1051349,0
1032486,0
1035105,0
754012,0
805905,0
525814,0
1016236,0
661329,0
874799,0
557296,0
482197,0
886116,0
507462,0
549509,0
511459,0
989476,0
620397,0
1057669,0
1038336,0
605454,0
746034,0
680433,0
777226,0
1052234,0
504594,0
1060794,0
476062,0
819783,0
733498,0
880511,0
650697,0
638663,0
677651,0
835537,0
884946,0
705223,0
673461,0
831058,0
853474,0
728143,0
498554,0
808655,0
745761,0
971172,0
622164,0
828010,0
628821,0
419638,0
877214,0
1004088,0
779713,0
795811,0
854703,0
676849,0
887071,0
260597,0
817088,0
997845,0
644304,0
509006,0
454182,0
587967,0
823787,0
1063485,0
508992,0
768202,0
516486,0
756890,0
988403,0
769308,0
441784,0
630680,0
367777,0
833275,0
909451,0
530608,0
468168,0
864846,0
520534,0
418421,0
299146,0
976811,0
437580,0
498676,0
474796,0
419591,0
379962,0
715546,0
857017,0
1003298,0
479954,0
520311,0
678133,0
632222,0
405239,0
743088,0
537664,0
731055,0
1017174,0
434612,0
390720,0
489353,0
716791,0
421959,0
885637,0
1006806,0
361370,0
515387,0
830744,0
481202,0
382081,0
792397,0
803192,0
530863,0
768628,0
754350,0
648749,0
609096,0
730134,0
577364,0
1010159,0
679974,0
622529,0
539150,0
486603,0
425618,0
1006119,0
384150,0
638760,0
482564,0
1063421,0
1061378,0
689262,0
841621,0
815073,0
851851,0
678117,0
977773,0
967361,0
877645,0
1059887,0
643535,0
873431,0
715871,0
628369,0
986214,0
565302,0
580367,0
549794,0
379902,0
358417,0
807724,0
1056351,0
642848,0
808689,0
788797,0
650268,0
458760,0
570864,0
616266,0
767814,0
994914,0
570175,0
548211,0
771820,0
593417,0
999797,0
747974,0
523444,0
1039318,0
1034517,0
788865,0
571796,0
790666,0
807448,0
1014826,0
460390,0
666012,0
701905,0
455161,0
545189,0
448721,0
623079,0
716578,0
499418,0
446879,0
837679,0
414951,0
893646,0
490608,0
436438,0
815946,0
365663,0
331774,0
454062,0
887173,0
429535,0
1051458,0
762865,0
1052586,0
973467,0
655993,0
414952,0
699264,0
1054743,0
625681,0
543297,0
425898,0
892344,0
1046826,0
883037,0
1022908,0
841046,0
599823,0
601956,0
741329,0
995519,0
782134,0
841329,0
816500,0
829315,0
879881,0
641855,0
1072053,0
565238,0
903790,0
1069559,0
116582,0
840128,0
552991,0
660184,0
475108,0
729091,0
408378,0
1047743,0
741868,0
769756,0
884965,0
576675,0
656493,0
560395,0
574788,0
730896,0
118523,0
610259,0
620150,0
1045106,0
796295,0
370423,0
754731,0
1054476,0
877719,0
734617,0
546248,0
587791,0
497045,0
650968,0
630824,0
393476,0
585403,0
577805,0
623786,0
892429,0
616966,0
890285,0
632245,0
532318,0
884798,0
861885,0
984536,0
1023555,0
853470,0
737434,0
421402,0
677087,0
548537,0
780642,0
595104,0
453023,0
676986,0
1036129,0
448219,0
843071,0
1050893,0
1063899,0
676423,0
569095,0
1054292,0
465881,0
450384,0
559242,0
619881,0
523244,0
694866,0
577956,0
767654,0
618734,0
1039372,0
969629,0
265117,0
646345,0
651015,0
743658,0
781808,0
833155,0
398891,0
687479,0
467359,0
355380,0
764749,0
551696,0
793479,0
747444,0
661434,0
563076,0
742548,0
611317,0
543890,0
1014080,0
617943,0
539327,0
807649,0
812459,0
645099,0
841014,0
585900,0
858219,0
697215,0
713509,0
445845,0
421533,0
722312,0
525961,0
1007417,0
870162,0
781367,0
533751,0
1058494,0
584992,0
725914,0
571441,0
704365,0
374325,0
808436,0
651997,0
654352,0
737455,0
580792,0
771795,0
446787,0
940393,0
820398,0
1062070,0
1050726,0
351870,0
385010,0
752339,0
502336,0
370941,0
924870,0
510055,0
454130,0
346294,0
729503,0
745705,0
566203,0
610763,0
652420,0
739473,0
694223,0
637670,0
761261,0
464507,0
445672,0
546992,0
757585,0
810838,0
755124,0
416856,0
881055,0
451005,0
798510,0
421501,0
793460,0
513263,0
408156,0
974649,0
735073,0
531477,0
697942,0
670308,0
481972,0
518777,0
521710,0
738349,0
462584,0
787685,0
670596,0
759184,0
570819,0
620204,0
575993,0
638110,0
231935,0
510370,0
975766,0
725404,0
564455,0
803921,0
530717,0
697276,0
818540,0
683534,0
528741,0
988461,0
668342,0
784204,0
877058,0
662106,0
737454,0
864070,0
1045826,0
638683,0
1000309,0
663493,0
470697,0
571930,0
1024548,0
760632,0
661665,0
481029,0
559726,0
414410,0
676706,0
352720,0
1059199,0
986708,0
994517,0
489907,0
352873,0
847512,0
723427,0
614556,0
621384,0
822735,0
542358,0
892399,0
993914,0
706099,0
855815,0
696566,0
594712,0
874604,0
793743,0
793994,0
485111,0
453900,0
986451,0
846574,0
505588,0
545156,0
404321,0
525364,0
684843,0
873947,0
1015322,0
826509,0
746729,0
662167,0
782699,0
824696,0
1018736,0
889741,0
774869,0
556851,0
740129,0
618139,0
671197,0
426331,0
538596,0
261972,0
610775,0
590869,0
808408,0
861979,0
644386,0
699030,0
968500,0
356601,0
620409,0
1047665,0
976079,0
707687,0
545782,0
383526,0
747852,0
723735,0
1019040,0
796024,0
410825,0
362785,0
523323,0
520164,0
459777,0
746036,0
853561,0
420832,0
625143,0
842652,0
883910,0
842775,0
675296,0
556140,0
761131,0
1067922,0
449448,0
761797,0
481312,0
651473,0
449677,0
718329,0
884055,0
527259,0
596577,0
403442,0
414513,0
660681,0
588898,0
407756,0
735453,0
1060036,0
617034,0
650679,0
628550,0
851092,0
366733,0
550387,0
582685,0
801285,0
1029535,0
821396,0
986296,0
548323,0
714081,0
353338,0
547535,0
909595,0
673623,0
486025,0
858814,0
586792,0
675565,0
749211,0
668182,0
588189,0
471662,0
851770,0
543811,0
774927,0
427276,0
1012269,0
726602,0
453280,0
778653,0
446014,0
732306,0
660367,0
872961,0
818907,0
552772,0
662660,0
519621,0
682541,0
497350,0
504934,0
436924,0
874850,0
375066,0
540925,0
69251,0
502199,0
770503,0
756020,0
532218,0
839791,0
503367,0
203424,0
1035174,0
561154,0
541273,0
468960,0
569928,0
910955,0
781306,0
690191,0
722833,0
884494,0
608661,0
557170,0
675609,0
646105,0
739796,0
598568,0
422740,0
789842,0
558196,0
555085,0
889647,0
488422,0
711685,0
777838,0
764916,0
826733,0
966950,0
716270,0
504989,0
452599,0
981410,0
788376,0
510581,0
126788,0
812145,0
831660,0
608135,0
612786,0
985438,0
466799,0
748054,0
664845,0
454512,0
710964,0
607672,0
465466,0
783498,0
367703,0
566247,0
594790,0
515861,0
609784,0
637126,0
586715,0
819751,0
798247,0
713394,0
996273,0
601252,0
502436,0
611070,0
521334,0
665435,0
1014776,0
1041115,0
377119,0
568431,0
739084,0
818376,0
762298,0
461751,0
998128,0
765508,0
499596,0
533718,0
1061164,0
502405,0
1042579,0
739148,0
841822,0
266327,0
856212,0
586260,0
660209,0
488745,0
515785,0
746986,0
275880,0
828317,0
351490,0
587430,0
978904,0
1033990,0
386423,0
445445,0
562677,0
514875,0
741476,0
709496,0
808071,0
1006875,0
460318,0
976845,0
598347,0
985493,0
890931,0
472830,0
1029473,0
1055696,0
880824,0
719789,0
605053,0
729084,0
561640,0
775125,0
487203,0
973415,0
284207,0
785765,0
486940,0
778167,0
367398,0
525289,0
862048,0
636843,0
728836,0
312891,0
601083,0
435681,0
413897,0
645576,0
803318,0
501547,0
1044982,0
729147,0
482615,0
1008763,0
586093,0
653147,0
479786,0
1040710,0
270712,0
1036032,0
500195,0
738342,0
581008,0
661328,0
498843,0
1054630,0
550739,0
520764,0
791047,0
483108,0
443101,0
370854,0
1001200,0
555040,0
624816,0
465129,0
563511,0
830937,0
1007493,0
602209,0
501659,0
428175,0
525459,0
990346,0
619941,0
845793,0
709241,0
624955,0
584872,0
463390,0
481176,0
229930,0
499451,0
843087,0
874308,0
528269,0
238989,0
474235,0
470185,0
538865,0
711637,0
492183,0
800690,0
612980,0
462644,0
639912,0
373842,0
730443,0
498489,0
780993,0
402638,0
600927,0
759467,0
891590,0
562812,0
352441,0
592131,0
1037188,0
361859,0
738825,0
665503,0
731021,0
545930,0
643165,0
965945,0
587832,0
560109,0
1023842,0
755450,0
457826,0
707637,0
785057,0
868303,0
601281,0
856648,0
575481,0
462650,0
773935,0
814053,0
556806,0
867209,0
878372,0
588949,0
891605,0
879310,0
1041019,0
261281,0
391751,0
506251,0
866441,0
1040872,0
565938,0
754033,0
623736,0
1013110,0
486977,0
687235,0
696903,0
992517,0
497411,0
502299,0
672739,0
863063,0
960817,0
596274,0
497458,0
664592,0
583137,0
500964,0
483056,0
516241,0
375709,0
721387,0
997281,0
701966,0
876617,0
387930,0
366620,0
637162,0
452435,0
568912,0
506922,0
635933,0
434265,0
829157,0
714675,0
547884,0
461400,0
888223,0
474611,0
520061,0
997736,0
807322,0
703012,0
490824,0
487669,0
698662,0
548474,0
553592,0
1004079,0
1014582,0
401264,0
889324,0
1057900,0
786520,0
675629,0
802401,0
1056772,0
1035771,0
1009413,0
718070,0
1034283,0
387324,0
509132,0
875650,0
474679,0
507762,0
712144,0
606655,0
524170,0
606306,0
473403,0
593140,0
1065180,0
969970,0
522978,0
818925,0
692794,0
635024,0
859049,0
556159,0
771377,0
1053728,0
437999,0
480775,0
861652,0
518444,0
458563,0
460353,0
573552,0
981667,0
651496,0
452896,0
1043030,0
1054203,0
846186,0
1049936,0
390572,0
872396,0
492954,0
606142,0
603329,0
830830,0
387910,0
1028224,0
533700,0
645629,0
441435,0
606236,0
434607,0
1052477,0
735317,0
1042668,0
757185,0
1052795,0
733951,0
540829,0
516697,0
381235,0
594052,0
483804,0
208827,0
586251,0
632284,0
785621,0
636536,0
765919,0
568894,0
818407,0
554660,0
1052195,0
637502,0
986749,0
605973,0
522382,0
619786,0
517612,0
970574,0
747470,0
853735,0
585697,0
508759,0
741803,0
539596,0
1016278,0
666437,0
438203,0
980513,0
513944,0
786353,0
426158,0
431924,0
733418,0
752122,0
675827,0
842264,0
1032150,0
866368,0
1007331,0
1032953,0
924116,0
395539,0
834895,0
661207,0
511441,0
735000,0
457346,0
626362,0
505493,0
441831,0
711577,0
558309,0
1035619,0
858538,0
489323,0
837071,0
1034427,0
1001709,0
721706,0
857614,0
448231,0
626172,0
459538,0
714750,0
480632,0
782177,0
586065,0
889016,0
736120,0
414409,0
472168,0
1032503,0
630567,0
984113,0
702862,0
584564,0
573795,0
500615,0
478567,0
708214,0
885569,0
526513,0
671179,0
474121,0
790628,0
592064,0
460192,0
558328,0
689587,0
633617,0
615413,0
668845,0
379665,0
890391,0
242642,0
259414,0
821369,0
707632,0
633936,0
835325,0
1035858,0
768643,0
1013155,0
1065842,0
366171,0
352541,0
757166,0
190846,0
430026,0
866814,0
361219,0
692034,0
443279,0
406383,0
729122,0
763432,0
709776,0
865576,0
736590,0
786991,0
476557,0
296068,0
979287,0
444810,0
853345,0
859762,0
550169,0
587428,0
502275,0
686913,0
481451,0
436275,0
722643,0
333351,0
748212,0
980193,0
1045417,0
438443,0
533859,0
549020,0
863854,0
972496,0
511038,0
518281,0
674747,0
994720,0
609821,0
618301,0
1008627,0
533581,0
632884,0
1003047,0
439137,0
441025,0
552794,0
748775,0
845462,0
1038609,0
531980,0
381607,0
447490,0
852879,0
824890,0
1030237,0
1005153,0
412148,0
502624,0
618511,0
977981,0
832078,0
664374,0
1041757,0
505580,0
774817,0
635240,0
592483,0
686750,0
889684,0
683184,0
491161,0
500038,0
677902,0
537090,0
614058,0
732738,0
181036,0
784663,0
616927,0
761540,0
1037186,0
619209,0
1019261,0
251214,0
777634,0
872859,0
731742,0
622573,0
526905,0
679691,0
705347,0
513696,0
421379,0
765994,0
1032990,0
1059289,0
809216,0
561371,0
1057201,0
738241,0
489905,0
282054,0
572016,0
1001581,0
465537,0
671238,0
1033754,0
641579,0
762304,0
477433,0
622230,0
444193,0
365366,0
417842,0
431302,0
996517,0
858120,0
1007174,0
864679,0
613409,0
1009106,0
622844,0
497307,0
851615,0
353472,0
583920,0
641473,0
592230,0
623836,0
511835,0
695726,0
560051,0
809494,0
517140,0
583644,0
853406,0
1032057,0
350826,0
495999,0
441540,0
726165,0
1057562,0
1039327,0
695429,0
423412,0
577825,0
744067,0
480512,0
657408,0
535811,0
532196,0
485850,0
1034394,0
1047217,0
543283,0
785892,0
469034,0
573214,0
308403,0
484085,0
742464,0
580279,0
444831,0
786973,0
600470,0
753732,0
636820,0
418953,0
774733,0
672549,0
785656,0
379559,0
771406,0
836363,0
634547,0
751034,0
738328,0
605063,0
730773,0
635339,0
507411,0
808292,0
586347,0
581709,0
405124,0
970782,0
604319,0
516588,0
518275,0
402979,0
1055275,0
817580,0
534807,0
869300,0
801117,0
724879,0
608929,0
533316,0
884267,0
863166,0
858050,0
469996,0
752346,0
577423,0
764047,0
316868,0
623885,0
792105,0
1010723,0
793243,0
357595,0
838018,0
454161,0
1040440,0
509603,0
479836,0
1060966,0
1040032,0
156417,0
671962,0
641437,0
726520,0
997734,0
413088,0
492914,0
968778,0
443503,0
347512,0
539850,0
522436,0
1029082,0
991429,0
749872,0
363233,0
985495,0
597495,0
780516,0
844238,0
839904,0
812521,0
439103,0
455659,0
677395,0
516349,0
486329,0
289994,0
432264,0
623481,0
535912,0
947469,0
1007839,0
533331,0
483320,0
969474,0
712221,0
532050,0
701176,0
504968,0
1023459,0
534654,0
1064727,0
473948,0
605430,0
889156,0
716403,0
501825,0
567965,0
427548,0
768516,0
1023659,0
637616,0
468626,0
739326,0
736261,0
613943,0
676410,0
569897,0
610265,0
811512,0
780636,0
422979,0
630189,0
579308,0
620733,0
417986,0
870391,0
526350,0
718297,0
357683,0
830225,0
1047145,0
629368,0
437325,0
546792,0
668616,0
991801,0
1031692,0
1068309,0
1008491,0
362888,0
483424,0
770268,0
702706,0
867194,0
807517,0
605872,0
1020845,0
707630,0
529353,0
628068,0
708991,0
518786,0
360903,0
744948,0
644089,0
632481,0
1032352,0
769692,0
1024482,0
891334,0
806504,0
1039971,0
850126,0
452449,0
542400,0
478166,0
826458,0
677347,0
504097,0
433837,0
588220,0
536299,0
672798,0
550323,0
860929,0
450963,0
453586,0
981451,0
728154,0
516085,0
778111,0
858415,0
369968,0
872260,0
762525,0
634192,0
596459,0
465968,0
442958,0
976700,0
500743,0
991431,0
1034923,0
611844,0
710276,0
409925,0
508764,0
608897,0
821601,0
631273,0
254250,0
561179,0
758300,0
666244,0
830485,0
633876,0
956877,0
642776,0
303520,0
709137,0
574270,0
371505,0
810094,0
1025062,0
581857,0
708122,0
55742,0
451841,0
767805,0
490446,0
484054,0
825176,0
486902,0
770783,0
766131,0
610617,0
559273,0
433777,0
1064453,0
613785,0
481049,0
503878,0
645367,0
725335,0
694861,0
651575,0
954206,0
511339,0
996437,0
668826,0
766911,0
477027,0
1060167,0
478603,0
860765,0
568327,0
706587,0
539519,0
618705,0
998591,0
724956,0
446882,0
642816,0
1017756,0
653021,0
874179,0
348841,0
635502,0
681304,0
983626,0
529618,0
472931,0
428899,0
665939,0
677072,0
378198,0
866257,0
727422,0
1018387,0
533665,0
470186,0
820083,0
447132,0
1058317,0
1069453,0
887766,0
460123,0
511457,0
496201,0
890563,0
853176,0
668586,0
535976,0
519239,0
606301,0
653852,0
510855,0
658464,0
454092,0
710427,0
809700,0
609958,0
435322,0
1055240,0
1029900,0
234585,0
564084,0
418702,0
861671,0
519658,0
579123,0
1046531,0
1066530,0
431081,0
444594,0
525314,0
376430,0
646801,0
986032,0
1042852,0
362553,0
366128,0
528827,0
510217,0
469341,0
578312,0
1064221,0
635967,0
814147,0
592829,0
1037683,0
475541,0
409434,0
702995,0
463702,0
629995,0
824978,0
883991,0
529168,0
1011948,0
814752,0
663655,0
730439,0
986770,0
755169,0
702941,0
600814,0
404245,0
595051,0
813780,0
520184,0
440324,0
398116,0
834151,0
512045,0
634508,0
678399,0
1059960,0
1068545,0
507124,0
521701,0
723037,0
1007926,0
832491,0
422681,0
382672,0
670267,0
809660,0
519197,0
885704,0
405303,0
388587,0
808459,0
480130,0
387823,0
391078,0
375748,0
640386,0
550597,0
978407,0
815085,0
457171,0
525785,0
907795,0
251789,0
879514,0
488161,0
458874,0
504111,0
651097,0
559635,0
579151,0
519517,0
482986,0
482569,0
874897,0
995819,0
846459,0
653074,0
448316,0
429586,0
300174,0
878753,0
410080,0
815909,0
698538,0
748282,0
867418,0
480967,0
356159,0
396135,0
717657,0
489469,0
1022579,0
996074,0
580636,0
557825,0
738741,0
471313,0
552441,0
1064323,0
369320,0
664583,0
775038,0
886331,0
814604,0
695582,0
1062094,0
832304,0
401630,0
1053583,0
824151,0
727797,0
441399,0
525021,0
740432,0
644275,0
405008,0
441485,0
425051,0
474047,0
830027,0
1014842,0
668390,0
506623,0
587205,0
786633,0
444372,0
568927,0
743092,0
461127,0
796553,0
530129,0
545552,0
599451,0
546440,0
710914,0
548609,0
732998,0
892153,0
625042,0
797391,0
601807,0
1065854,0
1059039,0
578434,0
810884,0
891891,0
867893,0
1002589,0
712516,0
569542,0
644418,0
746087,0
791409,0
451501,0
656300,0
629948,0
443719,0
762989,0
850015,0
390228,0
1015633,0
975134,0
476275,0
438233,0
573515,0
663454,0
455821,0
553810,0
510886,0
630076,0
495428,0
840456,0
687570,0
559528,0
624230,0
520129,0
484100,0
840478,0
446340,0
612559,0
568036,0
848273,0
360283,0
674595,0
549618,0
432558,0
797423,0
453543,0
988651,0
732011,0
461510,0
444165,0
758048,0
994807,0
518223,0
666647,0
782706,0
679090,0
383996,0
860287,0
357812,0
452127,0
852931,0
439146,0
605493,0
681214,0
977252,0
674931,0
510465,0
783190,0
465305,0
816694,0
685690,0
494363,0
600522,0
507421,0
715472,0
715974,0
755314,0
854324,0
825043,0
367030,0
875326,0
739830,0
513523,0
490130,0
444436,0
422956,0
712738,0
512414,0
693820,0
1015459,0
455393,0
389288,0
525982,0
645839,0
1061403,0
549411,0
579777,0
844008,0
76597,0
272368,0
612986,0
588947,0
658224,0
895589,0
1009492,0
885182,0
586924,0
475176,0
591341,0
603599,0
552454,0
598702,0
1047650,0
441976,0
382835,0
582374,0
984990,0
1005982,0
524478,0
605475,0
625174,0
528467,0
771304,0
848504,0
590496,0
776466,0
462268,0
1027614,0
530221,0
808333,0
847836,0
866219,0
730003,0
743022,0
449866,0
540228,0
707917,0
891287,0
972373,0
765998,0
769687,0
754052,0
788919,0
498131,0
1052230,0
562203,0
788396,0
563569,0
826310,0
494089,0
759881,0
794168,0
545110,0
724642,0
376894,0
760388,0
1058515,0
715837,0
726651,0
720885,0
777066,0
809739,0
500564,0
999746,0
1031719,0
1048083,0
456618,0
468754,0
780216,0
818631,0
791946,0
610881,0
995009,0
683110,0
869501,0
882774,0
864649,0
552237,0
785583,0
393313,0
995668,0
778440,0
642775,0
800184,0
682554,0
494603,0
440469,0
634312,0
1058733,0
580766,0
1042904,0
555528,0
724717,0
1063847,0
568659,0
1038098,0
1035349,0
506771,0
676417,0
523346,0
1022445,0
826517,0
358695,0
1033851,0
966145,0
658784,0
602751,0
630226,0
714441,0
349212,0
563198,0
481879,0
1042138,0
417715,0
788761,0
826192,0
894260,0
424737,0
734899,0
852736,0
1023704,0
1016171,0
808366,0
552188,0
530225,0
809768,0
380363,0
651084,0
1013989,0
646813,0
383869,0
870540,0
1047357,0
423109,0
628547,0
732184,0
643698,0
585228,0
461848,0
598772,0
782884,0
491187,0
445819,0
644517,0
762290,0
381795,0
594289,0
488434,0
887364,0
998075,0
604333,0
547196,0
828556,0
884068,0
481872,0
882090,0
1056157,0
989253,0
356558,0
764024,0
980234,0
578029,0
391135,0
610353,0
782801,0
771298,0
440058,0
754870,0
719196,0
868500,0
667637,0
624074,0
864023,0
889148,0
415886,0
1011907,0
560657,0
488285,0
880232,0
571577,0
979102,0
474797,0
975798,0
483096,0
617031,0
713402,0
566019,0
374666,0
580676,0
506274,0
346965,0
557619,0
413524,0
1029186,0
1037873,0
999548,0
92440,0
893846,0
365474,0
1031647,0
692332,0
546657,0
562036,0
480571,0
859474,0
1038761,0
492862,0
859043,0
778457,0
474090,0
710553,0
859178,0
509526,0
924880,0
874160,0
519078,0
381528,0
166683,0
592900,0
829146,0
533791,0
381731,0
295373,0
653597,0
1032956,0
572739,0
585546,0
609219,0
681850,0
739200,0
384414,0
791801,0
480965,0
781360,0
642720,0
734249,0
603756,0
480652,0
640352,0
668076,0
707209,0
878629,0
829630,0
987586,0
212894,0
401775,0
877712,0
368507,0
396081,0
649179,0
662888,0
450747,0
475792,0
607073,0
718626,0
422379,0
531626,0
422611,0
800480,0
437795,0
879369,0
504066,0
465138,0
572077,0
561360,0
767427,0
504095,0
383913,0
811215,0
707798,0
859848,0
493743,0
861609,0
792629,0
691830,0
421483,0
642813,0
437870,0
409963,0
1010003,0
887402,0
709451,0
746758,0
391603,0
729562,0
717581,0
832517,0
450488,0
535326,0
494965,0
459303,0
552211,0
452103,0
812718,0
407758,0
534737,0
1056174,0
840199,0
1000967,0
375618,0
489278,0
1020817,0
973176,0
833722,0
610086,0
122637,0
452378,0
570973,0
380192,0
534252,0
1000267,0
996195,0
378241,0
513447,0
807961,0
743382,0
553269,0
553961,0
769582,0
633987,0
1068326,0
806286,0
752098,0
708935,0
749199,0
638185,0
434022,0
558185,0
710590,0
857893,0
641272,0
808985,0
794415,0
809174,0
675469,0
515600,0
881824,0
637553,0
1008267,0
972601,0
1007951,0
641763,0
991006,0
764173,0
983816,0
684855,0
476949,0
623868,0
997381,0
453204,0
466805,0
792691,0
468735,0
824483,0
801655,0
649348,0
618014,0
461552,0
360929,0
562732,0
536198,0
688964,0
654310,0
458962,0
823962,0
449275,0
1046247,0
1052257,0
1056261,0
976761,0
842322,0
728078,0
868512,0
665781,0
646023,0
521234,0
558943,0
572259,0
763362,0
650007,0
734475,0
482485,0
686283,0
523216,0
609971,0
606998,0
737936,0
421651,0
839052,0
584180,0
595074,0
578304,0
431496,0
416365,0
641793,0
714370,0
659221,0
1008958,0
557549,0
660822,0
750163,0
1011073,0
983758,0
645068,0
635489,0
863409,0
572120,0
1066212,0
482874,0
712603,0
679025,0
770068,0
1041802,0
838929,0
571285,0
1004134,0
839232,0
504208,0
694413,0
893529,0
579442,0
564875,0
808011,0
745054,0
709085,0
977859,0
406781,0
1016107,0
390193,0
484044,0
432108,0
869776,0
878636,0
469953,0
871927,0
1011998,0
1031499,0
760250,0
514265,0
995299,0
690707,0
169793,0
644163,0
771055,0
775046,0
621507,0
655533,0
976145,0
1049124,0
740235,0
1010193,0
587513,0
379463,0
989294,0
785689,0
502712,0
713445,0
781648,0
542658,0
514648,0
814948,0
725502,0
918917,0
877547,0
786935,0
1032083,0
373637,0
876755,0
990430,0
670222,0
881619,0
786798,0
977204,0
777765,0
577669,0
778237,0
863416,0
778677,0
596503,0
755563,0
366092,0
459094,0
576200,0
520852,0
592186,0
780905,0
660949,0
515501,0
565549,0
566050,0
781712,0
444901,0
476513,0
399980,0
888263,0
1040531,0
852189,0
758259,0
636990,0
429770,0
573459,0
861881,0
993419,0
463973,0
484573,0
830837,0
890527,0
715170,0
768056,0
608454,0
449803,0
849295,0
384963,0
813191,0
787325,0
636467,0
1001920,0
384822,0
461016,0
877577,0
1036901,0
500924,0
730557,0
632869,0
1060753,0
997570,0
651937,0
640734,0
682940,0
435522,0
737563,0
496400,0
855739,0
876377,0
656799,0
891857,0
723925,0
382535,0
863570,0
1034418,0
491959,0
1011710,0
543259,0
449371,0
586350,0
787917,0
713096,0
1034529,0
1012106,0
880667,0
649068,0
708697,0
638301,0
1015745,0
841017,0
706013,0
550763,0
688168,0
1035592,0
842372,0
651219,0
580378,0
406212,0
986238,0
833272,0
1045759,0
421822,0
208191,0
785020,0
433659,0
1067084,0
479344,0
567976,0
639812,0
620516,0
1038741,0
853684,0
717560,0
534555,0
569262,0
604852,0
230185,0
599649,0
988204,0
668513,0
433848,0
484728,0
457887,0
976664,0
865803,0
680291,0
455041,0
375216,0
298649,0
761469,0
830957,0
722608,0
663867,0
814027,0
747108,0
432642,0
738276,0
738935,0
1017620,0
998474,0
596418,0
824040,0
635270,0
508828,0
620347,0
881568,0
736677,0
1059858,0
374637,0
582650,0
264499,0
695499,0
352661,0
770716,0
874327,0
811913,0
552360,0
880970,0
411973,0
783200,0
845024,0
857285,0
710408,0
766212,0
892989,0
371814,0
1009288,0
346787,0
358326,0
806722,0
807734,0
1036113,0
888866,0
471913,0
356546,0
693648,0
566252,0
379717,0
1015561,0
382331,0
440545,0
478113,0
528485,0
879316,0
1034316,0
544619,0
975058,0
380278,0
782574,0
660306,0
771612,0
786142,0
462832,0
807095,0
965637,0
859907,0
396404,0
641103,0
698496,0
442869,0
740505,0
625063,0
1036826,0
521762,0
844853,0
865366,0
733059,0
600687,0
804560,0
799092,0
1033998,0
972129,0
607394,0
856570,0
886112,0
478785,0
537454,0
1056081,0
712268,0
457163,0
342507,0
442691,0
396631,0
518685,0
994765,0
656144,0
1058084,0
554084,0
581104,0
704971,0
664738,0
533289,0
775332,0
455289,0
560949,0
852632,0
510785,0
605284,0
1056865,0
429374,0
587224,0
1018627,0
507660,0
591799,0
531745,0
362321,0
575676,0
492934,0
553852,0
665705,0
802683,0
801554,0
664456,0
450893,0
661059,0
1050914,0
549192,0
835703,0
672680,0
497757,0
879824,0
601960,0
896950,0
326469,0
425514,0
477719,0
464664,0
505136,0
972592,0
741773,0
534914,0
654479,0
1048310,0
587028,0
645593,0
752500,0
432985,0
823147,0
767163,0
618280,0
1065026,0
470134,0
621893,0
567508,0
550151,0
781559,0
839671,0
550122,0
498967,0
788153,0
799271,0
468188,0
474431,0
770036,0
835528,0
631700,0
695326,0
724810,0
614257,0
875979,0
584738,0
632848,0
672642,0
591157,0
674221,0
241117,0
1001944,0
635634,0
472454,0
836587,0
517686,0
571874,0
614816,0
390669,0
969844,0
872787,0
891272,0
603168,0
353784,0
503397,0
588664,0
631432,0
655392,0
779144,0
454633,0
643939,0
1026743,0
979950,0
455987,0
752988,0
969615,0
848204,0
456528,0
982018,0
841825,0
750920,0
703702,0
638512,0
524166,0
1060993,0
442791,0
890713,0
977893,0
791264,0
805227,0
480464,0
707414,0
681317,0
422937,0
1030869,0
995296,0
500051,0
640370,0
373375,0
389645,0
1004345,0
628472,0
703390,0
1028694,0
798375,0
455991,0
433304,0
615422,0
625109,0
613541,0
591178,0
436358,0
972953,0
784299,0
577724,0
600979,0
380789,0
410010,0
693399,0
523530,0
984074,0
430204,0
571603,0
845224,0
1028658,0
566679,0
889132,0
982320,0
852898,0
392011,0
1026558,0
985952,0
634739,0
1023909,0
606248,0
801843,0
561859,0
1032120,0
1062474,0
477794,0
680249,0
601962,0
604967,0
426031,0
500885,0
501213,0
578320,0
594100,0
765661,0
249164,0
572888,0
683866,0
994103,0
794885,0
533641,0
607880,0
444904,0
259956,0
808923,0
603262,0
583179,0
696825,0
497466,0
1065658,0
853254,0
808022,0
1032963,0
1066379,0
773995,0
852817,0
1008183,0
723703,0
816335,0
650574,0
1054294,0
411440,0
520669,0
508864,0
417992,0
489561,0
1018924,0
839640,0
683977,0
759277,0
653781,0
560370,0
635981,0
650938,0
485958,0
1045996,0
603426,0
639644,0
839429,0
738782,0
786959,0
676495,0
652036,0
570930,0
588849,0
323562,0
1040373,0
415855,0
525008,0
841835,0
515491,0
823999,0
765715,0
797490,0
853525,0
762799,0
369555,0
752570,0
530173,0
616589,0
981720,0
443215,0
120374,0
367112,0
416649,0
383762,0
1008590,0
1068159,0
994273,0
732269,0
1053382,0
1004153,0
798731,0
482155,0
463203,0
409691,0
767495,0
495971,0
1032540,0
353589,0
431934,0
419127,0
617717,0
624335,0
671578,0
859754,0
634978,0
1023547,0
542149,0
859837,0
509947,0
1010149,0
845741,0
643201,0
799033,0
1001701,0
866538,0
625711,0
465244,0
862932,0
699896,0
651627,0
369966,0
502595,0
785146,0
879843,0
891795,0
533062,0
692273,0
1062253,0
486245,0
494543,0
488607,0
792034,0
500864,0
700083,0
611847,0
1010812,0
409527,0
682014,0
659102,0
731544,0
1054074,0
503885,0
1004274,0
980207,0
935790,0
745132,0
1032875,0
987927,0
662674,0
1012964,0
817686,0
434778,0
1009213,0
559800,0
553893,0
704449,0
1066766,0
1004695,0
1002722,0
577782,0
531422,0
1045841,0
1025585,0
643239,0
437927,0
611400,0
1048806,0
747953,0
794666,0
500961,0
577596,0
490429,0
776010,0
603279,0
458956,0
468261,0
778770,0
997889,0
380014,0
439646,0
1019003,0
519674,0
876351,0
662552,0
1062860,0
463175,0
645882,0
771915,0
498235,0
966952,0
443553,0
865425,0
751893,0
808237,0
352545,0
486517,0
815573,0
435864,0
999981,0
553811,0
849809,0
389498,0
754651,0
816677,0
746747,0
497147,0
890620,0
876575,0
442326,0
429886,0
874491,0
815357,0
974958,0
998862,0
852404,0
616518,0
438024,0
458148,0
485666,0
972820,0
1004149,0
875632,0
497620,0
712319,0
654824,0
479074,0
746298,0
1064216,0
716666,0
531241,0
592916,0
994744,0
671416,0
701836,0
552802,0
1058885,0
672712,0
708288,0
880753,0
435959,0
616464,0
546778,0
590188,0
502142,0
433336,0
683149,0
542915,0
627583,0
661158,0
864757,0
704624,0
595945,0
617343,0
747427,0
1065484,0
625832,0
504486,0
399691,0
371172,0
296049,0
420227,0
870699,0
750374,0
1008709,0
487396,0
875275,0
506442,0
537688,0
879193,0
1036356,0
552448,0
728065,0
735514,0
496060,0
499980,0
531337,0
879031,0
473161,0
348794,0
521796,0
508230,0
714631,0
549115,0
1020113,0
1015556,0
405046,0
445765,0
489476,0
791054,0
527939,0
482133,0
330183,0
563689,0
467991,0
742086,0
506898,0
463722,0
483508,0
807326,0
371793,0
984588,0
542005,0
652565,0
582695,0
866954,0
972560,0
538129,0
826662,0
468280,0
602397,0
713828,0
487890,0
435975,0
862441,0
670527,0
811484,0
550440,0
524380,0
504550,0
438224,0
1042541,0
631931,0
728464,0
969536,0
483261,0
400190,0
1047014,0
1059785,0
830824,0
600595,0
692721,0
631207,0
391247,0
551974,0
714938,0
684390,0
1040538,0
641384,0
1033444,0
701650,0
1016562,0
1022972,0
424206,0
838602,0
545956,0
477963,0
869179,0
416647,0
469218,0
553534,0
1068484,0
492645,0
709112,0
1069093,0
608388,0
1031026,0
659884,0
674451,0
299976,0
922097,0
779179,0
664211,0
987384,0
490761,0
823365,0
629380,0
983992,0
887996,0
538248,0
66964,0
269256,0
455641,0
533888,0
631842,0
876873,0
713857,0
831285,0
623103,0
735162,0
481794,0
669340,0
838228,0
823054,0
516742,0
591851,0
837531,0
792222,0
803881,0
499006,0
798747,0
633458,0
1044665,0
587567,0
457181,0
618682,0
649586,0
762765,0
568568,0
798172,0
968150,0
479148,0
724196,0
791105,0
1059186,0
493116,0
1032220,0
972127,0
508337,0
677131,0
157169,0
433371,0
423436,0
273608,0
978016,0
888692,0
707936,0
598326,0
574301,0
727109,0
983704,0
640772,0
229276,0
572971,0
1056845,0
1058042,0
758921,0
413899,0
648489,0
502663,0
261382,0
985689,0
689444,0
478242,0
775876,0
993445,0
591487,0
362852,0
768874,0
433954,0
668663,0
541696,0
588136,0
426795,0
550253,0
488256,0
472062,0
566831,0
752319,0
378475,0
821787,0
892561,0
783587,0
278075,0
1017927,0
562202,0
879404,0
603937,0
676290,0
1035987,0
730829,0
988075,0
1057633,0
811377,0
871228,0
330677,0
429363,0
1017767,0
618015,0
679874,0
993621,0
675850,0
472921,0
606969,0
675108,0
835863,0
854309,0
462218,0
965778,0
529193,0
387659,0
473528,0
878093,0
600988,0
811018,0
944529,0
487738,0
593147,0
544569,0
432417,0
649786,0
569090,0
214388,0
973495,0
892056,0
832428,0
645228,0
671259,0
709596,0
869079,0
751582,0
642142,0
1037763,0
361752,0
379549,0
740077,0
590933,0
84918,0
384227,0
666847,0
804918,0
483469,0
588972,0
736974,0
1010866,0
662891,0
855109,0
1033669,0
616602,0
521924,0
150940,0
851222,0
468201,0
499993,0
762003,0
517657,0
1060369,0
521713,0
564420,0
1026553,0
758321,0
715134,0
423192,0
711812,0
784401,0
893009,0
788234,0
884079,0
582528,0
456880,0
733340,0
768168,0
984701,0
974557,0
447842,0
893406,0
652727,0
741468,0
599923,0
864841,0
392575,0
492653,0
1046255,0
646291,0
611278,0
500209,0
640375,0
707466,0
386255,0
581333,0
669421,0
838454,0
384576,0
480461,0
688682,0
463730,0
1037646,0
521187,0
494614,0
857376,0
839948,0
361098,0
532308,0
848062,0
1002710,0
584692,0
542553,0
798607,0
552762,0
770806,0
1041101,0
841482,0
608596,0
538812,0
673032,0
564739,0
633091,0
561546,0
701284,0
847773,0
186499,0
460920,0
512321,0
1023914,0
606851,0
788890,0
482728,0
433667,0
853305,0
856057,0
1033606,0
977052,0
484222,0
1034299,0
663472,0
458213,0
651118,0
505851,0
981670,0
614481,0
670634,0
376138,0
354604,0
293123,0
784950,0
379125,0
1060452,0
1035024,0
1055239,0
1008864,0
481143,0
837733,0
1017556,0
595852,0
798522,0
603853,0
513366,0
514681,0
1060415,0
501963,0
1040256,0
1046328,0
789064,0
865992,0
406896,0
619342,0
629932,0
735124,0
645777,0
462074,0
538362,0
758355,0
744216,0
956911,0
656425,0
452882,0
486817,0
575734,0
478762,0
795467,0
991586,0
433890,0
685022,0
430405,0
627236,0
570149,0
1053505,0
500784,0
997625,0
1028698,0
781217,0
1052133,0
846077,0
590809,0
754965,0
570899,0
359706,0
740644,0
729142,0
1026450,0
734286,0
210884,0
977732,0
794922,0
432918,0
831318,0
521697,0
527753,0
574184,0
760810,0
1048140,0
500637,0
354087,0
363763,0
564234,0
1031219,0
592473,0
685078,0
468826,0
494338,0
467182,0
579388,0
591725,0
477482,0
653968,0
423552,0
626550,0
517982,0
739681,0
981781,0
790581,0
497885,0
603745,0
875114,0
850754,0
713959,0
601707,0
485098,0
543003,0
367770,0
563040,0
1007397,0
378564,0
661538,0
778789,0
1067326,0
664388,0
1024423,0
558102,0
584370,0
803294,0
477839,0
382195,0
970844,0
741026,0
394495,0
601229,0
707711,0
1034013,0
855224,0
496528,0
317541,0
426963,0
459885,0
1062045,0
571483,0
999687,0
718692,0
1033938,0
471174,0
372416,0
1023178,0
812097,0
515273,0
1015016,0
470012,0
503028,0
650399,0
795609,0
715588,0
611190,0
709557,0
494030,0
530832,0
637532,0
438894,0
934024,0
506767,0
780598,0
753153,0
551982,0
359462,0
883984,0
1000956,0
507712,0
476831,0
786482,0
1000571,0
755554,0
689768,0
447035,0
869076,0
521452,0
828539,0
857618,0
353203,0
547607,0
584899,0
373461,0
485301,0
1008285,0
846913,0
651423,0
474649,0
376147,0
848329,0
871322,0
453744,0
604215,0
717250,0
772928,0
371358,0
987465,0
538263,0
378960,0
892205,0
375187,0
413720,0
853242,0
504347,0
421221,0
872605,0
683037,0
570270,0
735466,0
572339,0
437684,0
1014358,0
738945,0
1048337,0
1057537,0
607517,0
479916,0
541122,0
776165,0
813015,0
702256,0
513345,0
745916,0
570756,0
1045042,0
855387,0
833679,0
711156,0
596567,0
855189,0
404057,0
1054308,0
591828,0
568738,0
653378,0
536625,0
805576,0
517481,0
370339,0
413010,0
790332,0
414574,0
745794,0
605575,0
555643,0
797233,0
815102,0
662659,0
1056011,0
816765,0
984742,0
482368,0
974358,0
562700,0
656057,0
642011,0
534323,0
994522,0
903197,0
829613,0
556207,0
405759,0
535805,0
1014573,0
880407,0
403974,0
593152,0
1002610,0
288675,0
1057756,0
346566,0
876685,0
502334,0
203554,0
554362,0
1065681,0
90376,0
499320,0
441885,0
647663,0
731382,0
62102,0
1053117,0
438605,0
579302,0
705962,0
503966,0
567207,0
537538,0
858522,0
674448,0
593988,0
487937,0
797297,0
698231,0
704148,0
311350,0
700409,0
509238,0
478103,0
447558,0
580277,0
533500,0
569568,0
570300,0
662350,0
840261,0
615313,0
486441,0
839453,0
513168,0
567273,0
757196,0
131223,0
736932,0
737422,0
644996,0
485710,0
791406,0
658918,0
498226,0
470031,0
731366,0
835523,0
740694,0
658561,0
752188,0
473626,0
800228,0
354261,0
784584,0
638786,0
821750,0
739535,0
673932,0
615998,0
1008660,0
616906,0
641807,0
801784,0
734494,0
206181,0
815482,0
843398,0
857617,0
519365,0
472362,0
464529,0
558728,0
715147,0
454685,0
433128,0
741786,0
702315,0
473521,0
491241,0
750435,0
633706,0
1053718,0
512970,0
566094,0
741011,0
574998,0
123230,0
648424,0
479322,0
219425,0
974750,0
1014779,0
616163,0
531181,0
711596,0
875961,0
529676,0
473665,0
699758,0
475455,0
805919,0
362838,0
739492,0
567210,0
479395,0
775529,0
577787,0
639472,0
520417,0
629128,0
520102,0
846704,0
1032053,0
549682,0
626339,0
577100,0
891197,0
571420,0
1030851,0
384343,0
732736,0
539834,0
362236,0
1024800,0
543152,0
614920,0
487604,0
392787,0
602707,0
1067109,0
1034454,0
490809,0
742429,0
480493,0
583754,0
487214,0
978610,0
979107,0
823399,0
880070,0
468546,0
432048,0
465806,0
479232,0
693061,0
489799,0
887644,0
264792,0
454057,0
350313,0
485677,0
667214,0
794278,0
842502,0
575810,0
991544,0
1063062,0
862314,0
526903,0
495741,0
965678,0
611862,0
998555,0
593696,0
800878,0
591571,0
485035,0
772910,0
578770,0
546282,0
866155,0
805605,0
1004844,0
371935,0
575506,0
441340,0
740057,0
431052,0
623184,0
609505,0
844070,0
505411,0
1036603,0
602347,0
566579,0
451584,0
437821,0
392293,0
997878,0
617362,0
733039,0
266130,0
762147,0
1042914,0
1033121,0
716002,0
662564,0
646792,0
514874,0
463985,0
522929,0
658628,0
731879,0
706431,0
825240,0
863580,0
890836,0
851115,0
480675,0
526840,0
485350,0
748243,0
566619,0
751864,0
508174,0
429255,0
560464,0
361003,0
698464,0
1063693,0
383307,0
568928,0
604971,0
996235,0
530928,0
774290,0
575175,0
488033,0
618343,0
784764,0
1063187,0
661368,0
140900,0
816175,0
353126,0
443292,0
721289,0
590387,0
717238,0
621626,0
729524,0
567494,0
973214,0
469382,0
749347,0
634309,0
429605,0
473686,0
773119,0
853738,0
693291,0
777487,0
465776,0
478850,0
936708,0
1053045,0
788794,0
583463,0
1062257,0
697891,0
405044,0
712355,0
643287,0
752011,0
980378,0
405894,0
563608,0
300349,0
1064383,0
834232,0
744604,0
455261,0
390492,0
603770,0
761604,0
384696,0
890159,0
756117,0
362392,0
445312,0
650292,0
784938,0
1012379,0
387680,0
890786,0
968047,0
716187,0
591733,0
535485,0
727656,0
1005957,0
434050,0
1063197,0
1049998,0
495756,0
1035774,0
449646,0
949910,0
838593,0
449548,0
468738,0
288880,0
787732,0
799659,0
466211,0
707300,0
440759,0
714700,0
824110,0
866373,0
709237,0
556822,0
453478,0
581435,0
451617,0
872587,0
979090,0
563539,0
548680,0
1059572,0
977988,0
478388,0
375276,0
425621,0
584836,0
376088,0
325397,0
476500,0
370224,0
393436,0
504438,0
621176,0
630826,0
549199,0
387556,0
440424,0
421115,0
871130,0
616203,0
349860,0
494668,0
586068,0
480865,0
603127,0
508436,0
718153,0
530454,0
665941,0
647823,0
452003,0
456095,0
521178,0
390743,0
741982,0
579431,0
866923,0
498360,0
498697,0
569735,0
559175,0
863603,0
520425,0
706460,0
1020546,0
883572,0
785219,0
846205,0
978446,0
569731,0
1059828,0
456828,0
1037801,0
681830,0
496791,0
604483,0
711129,0
543619,0
607867,0
675223,0
447849,0
997611,0
841758,0
1008635,0
505254,0
637409,0
431597,0
674290,0
472938,0
1067102,0
675269,0
839903,0
453632,0
881539,0
549189,0
747744,0
766830,0
606011,0
867529,0
361393,0
1003208,0
454791,0
443251,0
577214,0
685464,0
664271,0
556727,0
595656,0
868836,0
785931,0
535955,0
627603,0
611129,0
854523,0
693645,0
629912,0
465770,0
624190,0
879363,0
186572,0
1038602,0
524034,0
1049033,0
544106,0
520285,0
679109,0
744425,0
498579,0
476996,0
848477,0
568459,0
521309,0
484070,0
972758,0
545685,0
679565,0
762239,0
737079,0
429543,0
417627,0
779693,0
685965,0
994135,0
788544,0
997204,0
752067,0
696020,0
708346,0
706882,0
819512,0
851498,0
772417,0
224894,0
1036508,0
773868,0
689598,0
833422,0
649082,0
572143,0
548569,0
648219,0
794827,0
668841,0
524189,0
864899,0
509330,0
777929,0
584317,0
749514,0
768644,0
1045472,0
624490,0
573837,0
605956,0
853010,0
575245,0
1031446,0
835973,0
566122,0
646550,0
501338,0
470612,0
554790,0
960493,0
339576,0
714163,0
544453,0
494835,0
745452,0
643031,0
474392,0
1024620,0
612025,0
1039464,0
818797,0
653379,0
774458,0
528797,0
569938,0
739479,0
346868,0
712018,0
460779,0
633495,0
857545,0
995236,0
386209,0
1055322,0
369981,0
716594,0
725254,0
455306,0
444186,0
630483,0
825558,0
666049,0
460307,0
833973,0
532289,0
871193,0
479424,0
603818,0
594924,0
499040,0
999894,0
552009,0
630959,0
1048519,0
832313,0
468195,0
1028850,0
854575,0
411201,0
373540,0
674950,0
515710,0
480454,0
379491,0
467951,0
1011990,0
439749,0
772020,0
451990,0
642836,0
600711,0
540335,0
1055502,0
545601,0
468416,0
676031,0
626915,0
635182,0
464609,0
1058440,0
995902,0
540706,0
824016,0
538836,0
714637,0
1045712,0
974037,0
664309,0
872722,0
586897,0
872341,0
829682,0
439148,0
807753,0
473726,0
215865,0
516874,0
484242,0
597550,0
806884,0
432293,0
592521,0
587343,0
672169,0
787304,0
560971,0
832166,0
991402,0
676301,0
709515,0
1033633,0
369342,0
1037956,0
440814,0
374295,0
1003699,0
506486,0
477519,0
620127,0
607486,0
433178,0
364974,0
891438,0
253020,0
580686,0
858154,0
652367,0
416355,0
729261,0
757381,0
986667,0
1055636,0
671966,0
530154,0
589860,0
867442,0
619053,0
437507,0
645462,0
487488,0
682143,0
608879,0
715513,0
526353,0
525760,0
380297,0
57416,0
878883,0
1020889,0
705926,0
622122,0
589452,0
891840,0
823598,0
1061003,0
769037,0
538298,0
640852,0
873525,0
1033033,0
593188,0
515230,0
772226,0
973804,0
592478,0
501298,0
423064,0
1002259,0
1038354,0
523554,0
284136,0
739323,0
298280,0
732187,0
1047098,0
563209,0
986416,0
548875,0
883463,0
498177,0
458675,0
792865,0
478386,0
746300,0
1039555,0
850779,0
497300,0
477000,0
444343,0
739772,0
641569,0
626373,0
556944,0
631865,0
695082,0
554515,0
1033765,0
1016062,0
969400,0
520473,0
161187,0
517073,0
1012574,0
866975,0
500117,0
884544,0
707628,0
573773,0
502120,0
515226,0
706867,0
835550,0
1060762,0
618005,0
1051492,0
621397,0
715559,0
650783,0
258828,0
385520,0
496031,0
484007,0
629082,0
472214,0
492357,0
1058241,0
349434,0
527260,0
532368,0
590467,0
873309,0
460359,0
422759,0
832281,0
571077,0
551271,0
1017316,0
986476,0
638816,0
986013,0
971536,0
382687,0
561718,0
364755,0
507682,0
660892,0
458516,0
566037,0
714444,0
806526,0
719295,0
816605,0
488695,0
1041316,0
630879,0
851328,0
850021,0
552329,0
468215,0
468601,0
1069522,0
1061135,0
716122,0
539577,0
852107,0
489770,0
956541,0
643502,0
490680,0
500240,0
733201,0
740583,0
742113,0
521667,0
737746,0
484847,0
1010204,0
879169,0
517741,0
411341,0
773835,0
606074,0
1065382,0
475874,0
1003309,0
675248,0
851757,0
463465,0
544820,0
530617,0
640973,0
803027,0
1040578,0
999667,0
531045,0
581983,0
377886,0
1033259,0
871639,0
553796,0
887085,0
763024,0
739751,0
490390,0
789347,0
686989,0
526074,0
638885,0
765512,0
574644,0
462193,0
734018,0
426886,0
1042544,0
1020753,0
395081,0
839272,0
453516,0
947226,0
997748,0
773619,0
69550,0
806073,0
1010124,0
649236,0
757747,0
767151,0
606786,0
873244,0
441617,0
1034612,0
773223,0
633453,0
572566,0
481079,0
519605,0
792574,0
452706,0
837597,0
835049,0
826126,0
518295,0
570326,0
823634,0
777955,0
615707,0
659702,0
819422,0
380998,0
670888,0
125671,0
504096,0
858949,0
1063964,0
493259,0
373257,0
1003594,0
830288,0
605442,0
473024,0
724975,0
864038,0
529853,0
1058877,0
473486,0
806075,0
967108,0
732259,0
845036,0
805786,0
204576,0
423396,0
829218,0
838392,0
551962,0
671912,0
1056239,0
837403,0
751300,0
239761,0
680776,0
623471,0
537294,0
443475,0
1055912,0
606794,0
365809,0
756478,0
586126,0
440579,0
577143,0
708626,0
854211,0
892946,0
988586,0
1006397,0
541620,0
832439,0
969613,0
863743,0
752873,0
535601,0
517521,0
350405,0
785983,0
358734,0
560292,0
563676,0
585755,0
434092,0
1042157,0
1061227,0
1004227,0
489461,0
677563,0
862447,0
832811,0
431096,0
803831,0
722448,0
553090,0
664914,0
467078,0
468920,0
690734,0
645550,0
177913,0
537505,0
394882,0
400060,0
714945,0
742933,0
418586,0
927787,0
789806,0
431261,0
697371,0
482435,0
984490,0
708033,0
974273,0
621375,0
1014312,0
595901,0
575333,0
884600,0
623034,0
858390,0
435117,0
685799,0
373326,0
430908,0
367224,0
449407,0
595820,0
1051412,0
265115,0
1029488,0
475844,0
382276,0
413227,0
867618,0
756919,0
363701,0
166534,0
361495,0
751770,0
557642,0
454216,0
394381,0
474646,0
828790,0
713654,0
1000045,0
602038,0
1028864,0
857858,0
628955,0
632616,0
882675,0
613811,0
678588,0
534809,0
462538,0
516255,0
567375,0
599147,0
801464,0
741729,0
868112,0
883228,0
1011816,0
660991,0
872924,0
503982,0
638494,0
550284,0
392737,0
308272,0
797179,0
652820,0
994828,0
481306,0
642839,0
399855,0
569877,0
586074,0
618922,0
850727,0
763383,0
967935,0
713503,0
1051513,0
615067,0
514306,0
417153,0
1006579,0
554253,0
635662,0
860218,0
1028147,0
519893,0
491667,0
880230,0
1053953,0
1024302,0
564020,0
691030,0
421049,0
496220,0
751748,0
524774,0
821358,0
612425,0
749617,0
656295,0
686223,0
852809,0
361289,0
818960,0
509519,0
479536,0
1006377,0
374658,0
542739,0
799861,0
572893,0
859997,0
597703,0
503751,0
738066,0
404765,0
535218,0
506424,0
611228,0
770836,0
717430,0
593121,0
728623,0
811100,0
607221,0
467583,0
882419,0
716239,0
413777,0
695149,0
488889,0
713566,0
852474,0
1036475,0
849784,0
734340,0
787093,0
544705,0
633740,0
528490,0
728866,0
352021,0
986196,0
1012030,0
590666,0
431997,0
294643,0
741901,0
529696,0
882247,0
575569,0
554489,0
662969,0
807144,0
651549,0
451552,0
585521,0
856331,0
669210,0
400534,0
351878,0
990687,0
734947,0
679105,0
834082,0
986300,0
1066767,0
579005,0
864266,0
818550,0
880221,0
492824,0
978090,0
362601,0
773654,0
615476,0
452846,0
1004841,0
904442,0
706518,0
267736,0
491036,0
737782,0
459628,0
807547,0
674652,0
586394,0
369529,0
373994,0
756483,0
992224,0
674034,0
435743,0
839801,0
501474,0
577504,0
986567,0
154776,0
1040309,0
973764,0
528533,0
715618,0
636740,0
475332,0
490242,0
808569,0
617250,0
1038672,0
727247,0
734341,0
441817,0
1020470,0
649498,0
587091,0
831682,0
414047,0
655057,0
884532,0
1050978,0
1047402,0
1059236,0
642866,0
606595,0
1017707,0
574344,0
308236,0
449363,0
392670,0
1006387,0
981950,0
1001264,0
669514,0
435305,0
1040095,0
605281,0
542652,0
687163,0
994355,0
1065752,0
571226,0
603988,0
352303,0
407724,0
1045409,0
362721,0
657031,0
656152,0
820667,0
571779,0
558440,0
1030291,0
384355,0
769235,0
808129,0
628995,0
709539,0
1077501,0
583200,0
842084,0
661835,0
680061,0
988627,0
710743,0
678531,0
835875,0
625541,0
495882,0
535687,0
529242,0
985695,0
880642,0
869561,0
437386,0
1044775,0
862827,0
728135,0
757952,0
581347,0
567817,0
889260,0
673008,0
431097,0
566992,0
463269,0
1059412,0
438501,0
518572,0
862200,0
501899,0
1051709,0
680256,0
565565,0
784305,0
996294,0
708724,0
660327,0
441061,0
884978,0
791741,0
965830,0
761715,0
823006,0
1049522,0
1036334,0
1022829,0
822099,0
477305,0
765126,0
708444,0
384456,0
576046,0
977465,0
204428,0
703278,0
841989,0
559541,0
442147,0
986277,0
855637,0
662180,0
977140,0
557003,0
523253,0
987389,0
452354,0
878091,0
1015479,0
646833,0
543973,0
533368,0
1046442,0
566342,0
674149,0
784623,0
431783,0
1034247,0
560914,0
422008,0
548918,0
750893,0
538599,0
558594,0
628463,0
678853,0
494842,0
617406,0
613347,0
785710,0
443016,0
395093,0
673303,0
785030,0
511417,0
470260,0
409181,0
457854,0
831379,0
548406,0
881238,0
1021418,0
497019,0
554909,0
987428,0
524545,0
683909,0
622977,0
488396,0
610984,0
449741,0
443530,0
535386,0
445200,0
614802,0
553732,0
642240,0
995561,0
993878,0
1055843,0
1000262,0
541934,0
982161,0
714388,0
655951,0
651824,0
1004514,0
254201,0
716299,0
985852,0
745878,0
819865,0
439410,0
621032,0
399481,0
792193,0
527542,0
760425,0
565172,0
623668,0
449939,0
465866,0
429601,0
384617,0
990301,0
853784,0
630718,0
825965,0
499397,0
352990,0
458674,0
1054034,0
1013051,0
840121,0
634078,0
68381,0
473569,0
625244,0
495109,0
503642,0
540270,0
734592,0
491596,0
349308,0
365831,0
467292,0
878317,0
712810,0
481831,0
671243,0
1060630,0
883917,0
492606,0
850974,0
493825,0
512184,0
430268,0
861983,0
736174,0
1056770,0
219178,0
473985,0
634945,0
581398,0
659394,0
437935,0
996255,0
690874,0
494107,0
491668,0
175193,0
610311,0
861168,0
1015919,0
635366,0
616744,0
551541,0
999744,0
629099,0
543277,0
278066,0
529700,0
760731,0
395560,0
752902,0
976913,0
782129,0
824345,0
601257,0
457749,0
743794,0
827184,0
590866,0
633317,0
498911,0
994182,0
747152,0
840785,0
785900,0
520975,0
488001,0
705632,0
519273,0
802220,0
789578,0
520136,0
403548,0
484859,0
444657,0
793410,0
840233,0
403292,0
480843,0
581252,0
845120,0
824116,0
804184,0
554912,0
348134,0
495699,0
399817,0
541835,0
474522,0
706553,0
971171,0
797250,0
260277,0
562067,0
735420,0
260928,0
367285,0
364291,0
851063,0
1018009,0
799869,0
357887,0
801598,0
822409,0
263906,0
1008115,0
288392,0
868685,0
523485,0
966384,0
614585,0
792636,0
967466,0
630753,0
728605,0
990484,0
980968,0
455715,0
742241,0
597226,0
496447,0
628812,0
654571,0
627915,0
722471,0
361549,0
704956,0
245733,0
621149,0
673900,0
445472,0
760455,0
860789,0
709868,0
1032502,0
672322,0
497923,0
976592,0
825869,0
588156,0
1067066,0
621890,0
